,Well,Fluor,Target,Content,Sample,End RFU,Call,Sample Type,CallType,Is Control
,A01,HEX,,Std-01,,7571.07550697471,,Standard,Unassigned,False
,A02,HEX,,Std-01,,7605.68485635643,,Standard,Unassigned,False
,A03,HEX,,Std-01,,7880.24799828442,,Standard,Unassigned,False
,A04,HEX,,Unkn-01,,7717.67005561516,,Unknown,Unassigned,False
,A05,HEX,,Unkn-01,,7453.29398431736,,Unknown,Unassigned,False
,A06,HEX,,Unkn-01,,7314.45182948691,,Unknown,Unassigned,False
,A07,HEX,,Unkn-09,,7500.51411824249,,Unknown,Unassigned,False
,A08,HEX,,Unkn-09,,7191.78720735141,,Unknown,Unassigned,False
,A09,HEX,,Unkn-09,,7804.8293878073,,Unknown,Unassigned,False
,A10,HEX,,Unkn-17,,7705.97699147958,,Unknown,Unassigned,False
,A11,HEX,,Unkn-17,,7515.80187870066,,Unknown,Unassigned,False
,A12,HEX,,Unkn-17,,7380.37925064897,,Unknown,Unassigned,False
,B01,HEX,,Std-02,,7481.91762259801,,Standard,Unassigned,False
,B02,HEX,,Std-02,,7718.75096886235,,Standard,Unassigned,False
,B03,HEX,,Std-02,,8085.75489122824,,Standard,Unassigned,False
,B04,HEX,,Unkn-02,,6447.17988104806,,Unknown,Unassigned,False
,B05,HEX,,Unkn-02,,7167.04966231402,,Unknown,Unassigned,False
,B06,HEX,,Unkn-02,,7215.501508063,,Unknown,Unassigned,False
,B07,HEX,,Unkn-10,,7416.07398828296,,Unknown,Unassigned,False
,B08,HEX,,Unkn-10,,8385.11264033671,,Unknown,Unassigned,False
,B09,HEX,,Unkn-10,,8076.84752193668,,Unknown,Unassigned,False
,B10,HEX,,Unkn-18,,6999.29829925777,,Unknown,Unassigned,False
,B11,HEX,,Unkn-18,,7287.7076081422,,Unknown,Unassigned,False
,B12,HEX,,Unkn-18,,7089.61003073554,,Unknown,Unassigned,False
,C01,HEX,,Std-03,,7566.60666960877,,Standard,Unassigned,False
,C02,HEX,,Std-03,,7604.59365435693,,Standard,Unassigned,False
,C03,HEX,,Std-03,,8031.24892248553,,Standard,Unassigned,False
,C04,HEX,,Unkn-03,,7496.12081914482,,Unknown,Unassigned,False
,C05,HEX,,Unkn-03,,7483.02504615005,,Unknown,Unassigned,False
,C06,HEX,,Unkn-03,,7982.70025888274,,Unknown,Unassigned,False
,C07,HEX,,Unkn-11,,7424.02468251483,,Unknown,Unassigned,False
,C08,HEX,,Unkn-11,,7597.39275844073,,Unknown,Unassigned,False
,C09,HEX,,Unkn-11,,7217.22727371039,,Unknown,Unassigned,False
,C10,HEX,,Unkn-19,,7590.47478619618,,Unknown,Unassigned,False
,C11,HEX,,Unkn-19,,7863.53157056326,,Unknown,Unassigned,False
,C12,HEX,,Unkn-19,,7243.01330848157,,Unknown,Unassigned,False
,D01,HEX,,Std-04,,7437.06976641147,,Standard,Unassigned,False
,D02,HEX,,Std-04,,7786.13902376186,,Standard,Unassigned,False
,D03,HEX,,Std-04,,8302.12206740822,,Standard,Unassigned,False
,D04,HEX,,Unkn-04,,7822.06266824299,,Unknown,Unassigned,False
,D05,HEX,,Unkn-04,,8158.9674869125,,Unknown,Unassigned,False
,D06,HEX,,Unkn-04,,7872.34644588329,,Unknown,Unassigned,False
,D07,HEX,,Unkn-12,,7644.66569634418,,Unknown,Unassigned,False
,D08,HEX,,Unkn-12,,8026.71398463971,,Unknown,Unassigned,False
,D09,HEX,,Unkn-12,,7360.14567225527,,Unknown,Unassigned,False
,D10,HEX,,Unkn-20,,7159.63265265824,,Unknown,Unassigned,False
,D11,HEX,,Unkn-20,,7927.03717967935,,Unknown,Unassigned,False
,D12,HEX,,Unkn-20,,7476.29058761931,,Unknown,Unassigned,False
,E01,HEX,,Std-05,,6640.52440457996,,Standard,Unassigned,False
,E02,HEX,,Std-05,,6937.43210295226,,Standard,Unassigned,False
,E03,HEX,,Std-05,,8407.09771806878,,Standard,Unassigned,False
,E04,HEX,,Unkn-05,,7824.9675402025,,Unknown,Unassigned,False
,E05,HEX,,Unkn-05,,7817.78392425771,,Unknown,Unassigned,False
,E06,HEX,,Unkn-05,,8574.46293587549,,Unknown,Unassigned,False
,E07,HEX,,Unkn-13,,6489.5211402063,,Unknown,Unassigned,False
,E08,HEX,,Unkn-13,,6029.02724371217,,Unknown,Unassigned,False
,E09,HEX,,Unkn-13,,7733.99377401299,,Unknown,Unassigned,False
,E10,HEX,,Unkn-21,,7744.70983387757,,Unknown,Unassigned,False
,E11,HEX,,Unkn-21,,8399.15457654836,,Unknown,Unassigned,False
,E12,HEX,,Unkn-21,,7596.83274778749,,Unknown,Unassigned,False
,F01,HEX,,Std-06,,7836.6561094466,,Standard,Unassigned,False
,F02,HEX,,Std-06,,7463.32946076037,,Standard,Unassigned,False
,F03,HEX,,Std-06,,7294.74401206949,,Standard,Unassigned,False
,F04,HEX,,Unkn-06,,8148.6591068918,,Unknown,Unassigned,False
,F05,HEX,,Unkn-06,,7304.56440228502,,Unknown,Unassigned,False
,F06,HEX,,Unkn-06,,7834.13257939866,,Unknown,Unassigned,False
,F07,HEX,,Unkn-14,,7976.4874339135,,Unknown,Unassigned,False
,F08,HEX,,Unkn-14,,8329.23656600702,,Unknown,Unassigned,False
,F09,HEX,,Unkn-14,,7983.25553518986,,Unknown,Unassigned,False
,F10,HEX,,Unkn-22,,7569.85090658357,,Unknown,Unassigned,False
,F11,HEX,,Unkn-22,,7803.96160675673,,Unknown,Unassigned,False
,F12,HEX,,Unkn-22,,7322.69858538487,,Unknown,Unassigned,False
,G01,HEX,,Std-07,,7052.52081071364,,Standard,Unassigned,False
,G02,HEX,,Std-07,,6590.5914250723,,Standard,Unassigned,False
,G03,HEX,,Std-07,,6419.25193712807,,Standard,Unassigned,False
,G04,HEX,,Unkn-07,,7046.29660225497,,Unknown,Unassigned,False
,G05,HEX,,Unkn-07,,7160.24815305084,,Unknown,Unassigned,False
,G06,HEX,,Unkn-07,,7547.40501979541,,Unknown,Unassigned,False
,G07,HEX,,Unkn-15,,7816.57647844726,,Unknown,Unassigned,False
,G08,HEX,,Unkn-15,,8046.9072311564,,Unknown,Unassigned,False
,G09,HEX,,Unkn-15,,7869.87878680838,,Unknown,Unassigned,False
,G10,HEX,,Unkn-23,,7285.06692163127,,Unknown,Unassigned,False
,G11,HEX,,Unkn-23,,7446.87078414186,,Unknown,Unassigned,False
,G12,HEX,,Unkn-23,,5949.90358409364,,Unknown,Unassigned,False
,H01,HEX,,NTC-03,,7161.26367749587,,NTC,Unassigned,False
,H02,HEX,,NTC-03,,7077.43943767773,,NTC,Unassigned,False
,H03,HEX,,NTC-03,,7293.21716929576,,NTC,Unassigned,False
,H04,HEX,,Unkn-08,,7264.19574474331,,Unknown,Unassigned,False
,H05,HEX,,Unkn-08,,6225.07393091462,,Unknown,Unassigned,False
,H06,HEX,,Unkn-08,,7448.90306124845,,Unknown,Unassigned,False
,H07,HEX,,Unkn-16,,7306.59250700593,,Unknown,Unassigned,False
,H08,HEX,,Unkn-16,,7944.45581520116,,Unknown,Unassigned,False
,H09,HEX,,Unkn-16,,7572.66506570793,,Unknown,Unassigned,False
,H10,HEX,,Unkn-24,,7262.17846891072,,Unknown,Unassigned,False
,H11,HEX,,Unkn-24,,7749.20293193666,,Unknown,Unassigned,False
,H12,HEX,,Unkn-24,,7428.10446665907,,Unknown,Unassigned,False
