,Well,Fluor,Target,Content,Sample,End RFU,Call,Sample Type,CallType,Is Control
,A01,Cy5,,Std-01,,7665.04335916485,,Standard,Unassigned,False
,A02,Cy5,,Std-01,,7866.0405550838,,Standard,Unassigned,False
,A03,Cy5,,Std-01,,8060.0761798014,,Standard,Unassigned,False
,A04,Cy5,,Unkn-01,,8422.47529099002,,Unknown,Unassigned,False
,A05,Cy5,,Unkn-01,,8083.56478683964,,Unknown,Unassigned,False
,A06,Cy5,,Unkn-01,,7702.05727084382,,Unknown,Unassigned,False
,A07,Cy5,,Unkn-09,,7940.4220784102,,Unknown,Unassigned,False
,A08,Cy5,,Unkn-09,,8058.22864151333,,Unknown,Unassigned,False
,A09,Cy5,,Unkn-09,,8487.90254897322,,Unknown,Unassigned,False
,A10,Cy5,,Unkn-17,,7908.37974319572,,Unknown,Unassigned,False
,A11,Cy5,,Unkn-17,,7866.60680524367,,Unknown,Unassigned,False
,A12,Cy5,,Unkn-17,,7521.46804948179,,Unknown,Unassigned,False
,B01,Cy5,,Std-02,,7607.40046499972,,Standard,Unassigned,False
,B02,Cy5,,Std-02,,7746.62446294519,,Standard,Unassigned,False
,B03,Cy5,,Std-02,,8157.80664086956,,Standard,Unassigned,False
,B04,Cy5,,Unkn-02,,7038.34871427493,,Unknown,Unassigned,False
,B05,Cy5,,Unkn-02,,7552.41354232094,,Unknown,Unassigned,False
,B06,Cy5,,Unkn-02,,7580.32281634208,,Unknown,Unassigned,False
,B07,Cy5,,Unkn-10,,7466.28132433017,,Unknown,Unassigned,False
,B08,Cy5,,Unkn-10,,8710.03293173961,,Unknown,Unassigned,False
,B09,Cy5,,Unkn-10,,8039.721608582,,Unknown,Unassigned,False
,B10,Cy5,,Unkn-18,,7608.40474316349,,Unknown,Unassigned,False
,B11,Cy5,,Unkn-18,,7755.49668071935,,Unknown,Unassigned,False
,B12,Cy5,,Unkn-18,,7644.96126255703,,Unknown,Unassigned,False
,C01,Cy5,,Std-03,,7942.36807747043,,Standard,Unassigned,False
,C02,Cy5,,Std-03,,8038.56838516504,,Standard,Unassigned,False
,C03,Cy5,,Std-03,,8402.20447142133,,Standard,Unassigned,False
,C04,Cy5,,Unkn-03,,8272.90689056863,,Unknown,Unassigned,False
,C05,Cy5,,Unkn-03,,8213.93002707846,,Unknown,Unassigned,False
,C06,Cy5,,Unkn-03,,8417.28045503817,,Unknown,Unassigned,False
,C07,Cy5,,Unkn-11,,8149.53455335284,,Unknown,Unassigned,False
,C08,Cy5,,Unkn-11,,8268.49819502931,,Unknown,Unassigned,False
,C09,Cy5,,Unkn-11,,7699.094086862,,Unknown,Unassigned,False
,C10,Cy5,,Unkn-19,,8425.45289958738,,Unknown,Unassigned,False
,C11,Cy5,,Unkn-19,,8068.79395175155,,Unknown,Unassigned,False
,C12,Cy5,,Unkn-19,,7559.95807770235,,Unknown,Unassigned,False
,D01,Cy5,,Std-04,,7532.3650646713,,Standard,Unassigned,False
,D02,Cy5,,Std-04,,8017.86619377273,,Standard,Unassigned,False
,D03,Cy5,,Std-04,,8301.78403788719,,Standard,Unassigned,False
,D04,Cy5,,Unkn-04,,7857.19735410281,,Unknown,Unassigned,False
,D05,Cy5,,Unkn-04,,8315.39353994124,,Unknown,Unassigned,False
,D06,Cy5,,Unkn-04,,8177.45631306039,,Unknown,Unassigned,False
,D07,Cy5,,Unkn-12,,8047.91383374039,,Unknown,Unassigned,False
,D08,Cy5,,Unkn-12,,8389.57497848949,,Unknown,Unassigned,False
,D09,Cy5,,Unkn-12,,7749.42292602194,,Unknown,Unassigned,False
,D10,Cy5,,Unkn-20,,8098.19093162557,,Unknown,Unassigned,False
,D11,Cy5,,Unkn-20,,8111.71697711113,,Unknown,Unassigned,False
,D12,Cy5,,Unkn-20,,7835.49772016392,,Unknown,Unassigned,False
,E01,Cy5,,Std-05,,7532.60141944373,,Standard,Unassigned,False
,E02,Cy5,,Std-05,,7558.13539598217,,Standard,Unassigned,False
,E03,Cy5,,Std-05,,8778.7755013063,,Standard,Unassigned,False
,E04,Cy5,,Unkn-05,,8580.78007005688,,Unknown,Unassigned,False
,E05,Cy5,,Unkn-05,,8144.08645820543,,Unknown,Unassigned,False
,E06,Cy5,,Unkn-05,,8921.28783639693,,Unknown,Unassigned,False
,E07,Cy5,,Unkn-13,,7729.20842739044,,Unknown,Unassigned,False
,E08,Cy5,,Unkn-13,,7634.19009138722,,Unknown,Unassigned,False
,E09,Cy5,,Unkn-13,,8443.67579293753,,Unknown,Unassigned,False
,E10,Cy5,,Unkn-21,,8170.80282787424,,Unknown,Unassigned,False
,E11,Cy5,,Unkn-21,,8576.39127176523,,Unknown,Unassigned,False
,E12,Cy5,,Unkn-21,,7742.54163432832,,Unknown,Unassigned,False
,F01,Cy5,,Std-06,,7858.35288529705,,Standard,Unassigned,False
,F02,Cy5,,Std-06,,7623.27094902969,,Standard,Unassigned,False
,F03,Cy5,,Std-06,,7537.13474650505,,Standard,Unassigned,False
,F04,Cy5,,Unkn-06,,8430.67577976876,,Unknown,Unassigned,False
,F05,Cy5,,Unkn-06,,7953.75915835862,,Unknown,Unassigned,False
,F06,Cy5,,Unkn-06,,8106.87058160266,,Unknown,Unassigned,False
,F07,Cy5,,Unkn-14,,8186.7485089692,,Unknown,Unassigned,False
,F08,Cy5,,Unkn-14,,8373.02635551601,,Unknown,Unassigned,False
,F09,Cy5,,Unkn-14,,8134.049368391,,Unknown,Unassigned,False
,F10,Cy5,,Unkn-22,,7909.01872753239,,Unknown,Unassigned,False
,F11,Cy5,,Unkn-22,,8078.87178348531,,Unknown,Unassigned,False
,F12,Cy5,,Unkn-22,,7713.87899004699,,Unknown,Unassigned,False
,G01,Cy5,,Std-07,,7580.33624965151,,Standard,Unassigned,False
,G02,Cy5,,Std-07,,7154.41876001386,,Standard,Unassigned,False
,G03,Cy5,,Std-07,,7647.99787211718,,Standard,Unassigned,False
,G04,Cy5,,Unkn-07,,8171.33789489567,,Unknown,Unassigned,False
,G05,Cy5,,Unkn-07,,8295.41140128751,,Unknown,Unassigned,False
,G06,Cy5,,Unkn-07,,8317.56808853369,,Unknown,Unassigned,False
,G07,Cy5,,Unkn-15,,8510.36626884705,,Unknown,Unassigned,False
,G08,Cy5,,Unkn-15,,8561.5226388014,,Unknown,Unassigned,False
,G09,Cy5,,Unkn-15,,8430.04259033879,,Unknown,Unassigned,False
,G10,Cy5,,Unkn-23,,8385.20875956316,,Unknown,Unassigned,False
,G11,Cy5,,Unkn-23,,8090.61297321864,,Unknown,Unassigned,False
,G12,Cy5,,Unkn-23,,6577.9562764252,,Unknown,Unassigned,False
,H01,Cy5,,NTC-03,,7406.98892689784,,NTC,Unassigned,False
,H02,Cy5,,NTC-03,,7344.05518877356,,NTC,Unassigned,False
,H03,Cy5,,NTC-03,,7257.16883805651,,NTC,Unassigned,False
,H04,Cy5,,Unkn-08,,8416.8082412297,,Unknown,Unassigned,False
,H05,Cy5,,Unkn-08,,7988.64659234791,,Unknown,Unassigned,False
,H06,Cy5,,Unkn-08,,8352.11060818322,,Unknown,Unassigned,False
,H07,Cy5,,Unkn-16,,7564.32355430442,,Unknown,Unassigned,False
,H08,Cy5,,Unkn-16,,8181.10862289911,,Unknown,Unassigned,False
,H09,Cy5,,Unkn-16,,8253.27816299822,,Unknown,Unassigned,False
,H10,Cy5,,Unkn-24,,8153.73127461501,,Unknown,Unassigned,False
,H11,Cy5,,Unkn-24,,8251.66868708473,,Unknown,Unassigned,False
,H12,Cy5,,Unkn-24,,8399.14413415127,,Unknown,Unassigned,False
