,Well,Fluor,Target,Content,Sample,End RFU,Call,Sample Type,CallType,Is Control
,A01,FAM,,Std-01,,13438.3075501297,,Standard,Unassigned,False
,A02,FAM,,Std-01,,13560.3310903901,,Standard,Unassigned,False
,A03,FAM,,Std-01,,14111.5831049434,,Standard,Unassigned,False
,A04,FAM,,Unkn-01,,12798.8966442898,,Unknown,Unassigned,False
,A05,FAM,,Unkn-01,,12038.2529745192,,Unknown,Unassigned,False
,A06,FAM,,Unkn-01,,11794.6212044094,,Unknown,Unassigned,False
,A07,FAM,,Unkn-09,,10903.3759190175,,Unknown,Unassigned,False
,A08,FAM,,Unkn-09,,11979.2733247017,,Unknown,Unassigned,False
,A09,FAM,,Unkn-09,,12889.5238980286,,Unknown,Unassigned,False
,A10,FAM,,Unkn-17,,13200.2206001662,,Unknown,Unassigned,False
,A11,FAM,,Unkn-17,,13211.3391987271,,Unknown,Unassigned,False
,A12,FAM,,Unkn-17,,13022.8247823077,,Unknown,Unassigned,False
,B01,FAM,,Std-02,,13084.5934817589,,Standard,Unassigned,False
,B02,FAM,,Std-02,,13460.3261659672,,Standard,Unassigned,False
,B03,FAM,,Std-02,,14186.798044662,,Standard,Unassigned,False
,B04,FAM,,Unkn-02,,11208.61653341,,Unknown,Unassigned,False
,B05,FAM,,Unkn-02,,11909.4109212408,,Unknown,Unassigned,False
,B06,FAM,,Unkn-02,,11710.7630751558,,Unknown,Unassigned,False
,B07,FAM,,Unkn-10,,10304.0704033001,,Unknown,Unassigned,False
,B08,FAM,,Unkn-10,,12345.147499492,,Unknown,Unassigned,False
,B09,FAM,,Unkn-10,,12052.5236302966,,Unknown,Unassigned,False
,B10,FAM,,Unkn-18,,12808.7758552735,,Unknown,Unassigned,False
,B11,FAM,,Unkn-18,,12879.6958996909,,Unknown,Unassigned,False
,B12,FAM,,Unkn-18,,12545.8716774028,,Unknown,Unassigned,False
,C01,FAM,,Std-03,,13372.1870309546,,Standard,Unassigned,False
,C02,FAM,,Std-03,,13393.1555401865,,Standard,Unassigned,False
,C03,FAM,,Std-03,,14097.6813797775,,Standard,Unassigned,False
,C04,FAM,,Unkn-03,,11828.3104732348,,Unknown,Unassigned,False
,C05,FAM,,Unkn-03,,11403.5116175911,,Unknown,Unassigned,False
,C06,FAM,,Unkn-03,,12371.4329106889,,Unknown,Unassigned,False
,C07,FAM,,Unkn-11,,10176.594794876,,Unknown,Unassigned,False
,C08,FAM,,Unkn-11,,11475.7931255454,,Unknown,Unassigned,False
,C09,FAM,,Unkn-11,,10627.3318784348,,Unknown,Unassigned,False
,C10,FAM,,Unkn-19,,13231.4487376759,,Unknown,Unassigned,False
,C11,FAM,,Unkn-19,,13000.8367369627,,Unknown,Unassigned,False
,C12,FAM,,Unkn-19,,12267.9346131018,,Unknown,Unassigned,False
,D01,FAM,,Std-04,,12994.892438357,,Standard,Unassigned,False
,D02,FAM,,Std-04,,13773.6394940243,,Standard,Unassigned,False
,D03,FAM,,Std-04,,14330.6154330177,,Standard,Unassigned,False
,D04,FAM,,Unkn-04,,13568.4307039741,,Unknown,Unassigned,False
,D05,FAM,,Unkn-04,,14583.9218659333,,Unknown,Unassigned,False
,D06,FAM,,Unkn-04,,14206.4841077432,,Unknown,Unassigned,False
,D07,FAM,,Unkn-12,,12919.5173405713,,Unknown,Unassigned,False
,D08,FAM,,Unkn-12,,13119.6668343017,,Unknown,Unassigned,False
,D09,FAM,,Unkn-12,,12341.5833091341,,Unknown,Unassigned,False
,D10,FAM,,Unkn-20,,13324.6613662422,,Unknown,Unassigned,False
,D11,FAM,,Unkn-20,,13407.4872770137,,Unknown,Unassigned,False
,D12,FAM,,Unkn-20,,12878.6938690457,,Unknown,Unassigned,False
,E01,FAM,,Std-05,,12959.7121490487,,Standard,Unassigned,False
,E02,FAM,,Std-05,,12563.9969132726,,Standard,Unassigned,False
,E03,FAM,,Std-05,,14656.6318956307,,Standard,Unassigned,False
,E04,FAM,,Unkn-05,,14109.69446363,,Unknown,Unassigned,False
,E05,FAM,,Unkn-05,,13464.2216407871,,Unknown,Unassigned,False
,E06,FAM,,Unkn-05,,14809.153737262,,Unknown,Unassigned,False
,E07,FAM,,Unkn-13,,10824.4044954779,,Unknown,Unassigned,False
,E08,FAM,,Unkn-13,,11415.5394521433,,Unknown,Unassigned,False
,E09,FAM,,Unkn-13,,11797.4455003657,,Unknown,Unassigned,False
,E10,FAM,,Unkn-21,,13202.787947636,,Unknown,Unassigned,False
,E11,FAM,,Unkn-21,,13980.5096774766,,Unknown,Unassigned,False
,E12,FAM,,Unkn-21,,12735.607667224,,Unknown,Unassigned,False
,F01,FAM,,Std-06,,13781.3880267992,,Standard,Unassigned,False
,F02,FAM,,Std-06,,13519.4449380954,,Standard,Unassigned,False
,F03,FAM,,Std-06,,13469.0296326447,,Standard,Unassigned,False
,F04,FAM,,Unkn-06,,12060.82618092,,Unknown,Unassigned,False
,F05,FAM,,Unkn-06,,12205.9801014313,,Unknown,Unassigned,False
,F06,FAM,,Unkn-06,,12585.8011355458,,Unknown,Unassigned,False
,F07,FAM,,Unkn-14,,13738.2330182311,,Unknown,Unassigned,False
,F08,FAM,,Unkn-14,,14187.5595751914,,Unknown,Unassigned,False
,F09,FAM,,Unkn-14,,13783.6833492418,,Unknown,Unassigned,False
,F10,FAM,,Unkn-22,,12456.6768080866,,Unknown,Unassigned,False
,F11,FAM,,Unkn-22,,11838.2281793096,,Unknown,Unassigned,False
,F12,FAM,,Unkn-22,,11477.3592866198,,Unknown,Unassigned,False
,G01,FAM,,Std-07,,12713.876879013,,Standard,Unassigned,False
,G02,FAM,,Std-07,,12480.2295969863,,Standard,Unassigned,False
,G03,FAM,,Std-07,,13150.3189372809,,Standard,Unassigned,False
,G04,FAM,,Unkn-07,,13130.2597858128,,Unknown,Unassigned,False
,G05,FAM,,Unkn-07,,12992.1447890009,,Unknown,Unassigned,False
,G06,FAM,,Unkn-07,,12825.0587395947,,Unknown,Unassigned,False
,G07,FAM,,Unkn-15,,13534.6854469342,,Unknown,Unassigned,False
,G08,FAM,,Unkn-15,,12894.4698635836,,Unknown,Unassigned,False
,G09,FAM,,Unkn-15,,13487.9360208427,,Unknown,Unassigned,False
,G10,FAM,,Unkn-23,,12499.0771165463,,Unknown,Unassigned,False
,G11,FAM,,Unkn-23,,12295.6603792459,,Unknown,Unassigned,False
,G12,FAM,,Unkn-23,,9960.13287897263,,Unknown,Unassigned,False
,H01,FAM,,NTC-03,,12281.3979268961,,NTC,Unassigned,False
,H02,FAM,,NTC-03,,12415.1224023809,,NTC,Unassigned,False
,H03,FAM,,NTC-03,,12547.5861970008,,NTC,Unassigned,False
,H04,FAM,,Unkn-08,,12758.0315009985,,Unknown,Unassigned,False
,H05,FAM,,Unkn-08,,10704.5335236376,,Unknown,Unassigned,False
,H06,FAM,,Unkn-08,,11864.6678706149,,Unknown,Unassigned,False
,H07,FAM,,Unkn-16,,11516.2065799391,,Unknown,Unassigned,False
,H08,FAM,,Unkn-16,,11907.5953629561,,Unknown,Unassigned,False
,H09,FAM,,Unkn-16,,11949.5644051485,,Unknown,Unassigned,False
,H10,FAM,,Unkn-24,,11763.5758774479,,Unknown,Unassigned,False
,H11,FAM,,Unkn-24,,12006.5357877946,,Unknown,Unassigned,False
,H12,FAM,,Unkn-24,,12441.4472598628,,Unknown,Unassigned,False
