Target,Content,Well,Sample,Sex,Life_Status,Life_Stage_Code,Life_Stage,Cq,Cq.Mean,Delta.Cq,Cq.Std..Dev,SQ,Log.Starting.Quantity,SQ.Mean,SQ.Std.Dev,Copy_Number,CN.norm
EEF2,Unkn-20,D10,Adult L1,M,Animal,8,Adult,26.87425473,26.74564894,0.12860579,0.112380202,6437.674237,3.808728996,7114.948538,592.6393227,214589.1412,
IGF1,Unkn-20,D10,Adult L1,M,Animal,8,Adult,27.37921071,27.26786026,0.11135045,0.1008332,2398.680111,3.379972334,2603.038476,186.0169606,79956.0037,-134633.1375
IGF2,Unkn-20,D10,Adult L1,M,Animal,8,Adult,25.89077899,25.76813153,0.12264746,0.118650608,9027.221802,3.955554113,9905.640669,860.7232434,300907.3934,86318.2522
EEF2,Unkn-20,D11,Adult L1,M,Animal,8,Adult,26.66635531,26.74564894,0.07929363,0.112380202,7538.414973,3.877280041,7114.948538,592.6393227,251280.4991,
IGF1,Unkn-20,D11,Adult L1,M,Animal,8,Adult,27.1827208,27.26786026,0.08513946,0.1008332,2762.493775,3.441301308,2603.038476,186.0169606,92083.12583,-159197.3733
IGF2,Unkn-20,D11,Adult L1,M,Animal,8,Adult,25.653929,25.76813153,0.11420253,0.118650608,10747.50345,4.031307593,9905.640669,860.7232434,358250.115,106969.6159
EEF2,Unkn-20,D12,Adult L1,M,Animal,8,Adult,26.69633677,26.74564894,0.04931217,0.112380202,7368.756404,3.8673942,7114.948538,592.6393227,245625.2135,
IGF1,Unkn-20,D12,Adult L1,M,Animal,8,Adult,27.24164926,27.26786026,0.026211,0.1008332,2647.941542,3.422908393,2603.038476,186.0169606,88264.71807,-157360.4954
IGF2,Unkn-20,D12,Adult L1,M,Animal,8,Adult,25.75968662,25.76813153,0.00844491,0.118650608,9942.19675,3.997482353,9905.640669,860.7232434,331406.5583,85781.3448
EEF2,Unkn-14,F7,Adult L2,M,Animal,8,Adult,25.36575184,25.39895581,0.03320397,0.028893754,19783.90669,4.296312055,19294.42777,425.864012,659463.5563,
IGF1,Unkn-14,F7,Adult L2,M,Animal,8,Adult,28.61751037,28.64126785,0.02375748,0.067981723,1059.24247,3.024995385,1042.250202,49.97030319,35308.08233,-624155.474
IGF2,Unkn-14,F7,Adult L2,M,Animal,8,Adult,25.49827789,25.50526332,0.00698543,0.01693479,12164.8827,4.085107926,12103.09269,150.4473227,405496.09,-253967.4663
EEF2,Unkn-14,F8,Adult L2,M,Animal,8,Adult,25.41838111,25.39895581,0.0194253,0.028893754,19008.8478,4.278955793,19294.42777,425.864012,633628.26,
IGF1,Unkn-14,F8,Adult L2,M,Animal,8,Adult,28.71794012,28.64126785,0.07667227,0.067981723,985.9997136,2.993876789,1042.250202,49.97030319,32866.65712,-600761.6029
IGF2,Unkn-14,F8,Adult L2,M,Animal,8,Adult,25.52457343,25.50526332,0.01931011,0.01693479,11931.58868,4.076698273,12103.09269,150.4473227,397719.6227,-235908.6373
EEF2,Unkn-14,F9,Adult L2,M,Animal,8,Adult,25.41273448,25.39895581,0.01377867,0.028893754,19090.52882,4.280817959,19294.42777,425.864012,636350.9607,
IGF1,Unkn-14,F9,Adult L2,M,Animal,8,Adult,28.58835306,28.64126785,0.05291479,0.067981723,1081.508421,3.034029905,1042.250202,49.97030319,36050.2807,-600300.68
IGF2,Unkn-14,F9,Adult L2,M,Animal,8,Adult,25.49293865,25.50526332,0.01232467,0.01693479,12212.80669,4.086815483,12103.09269,150.4473227,407093.5563,-229257.4044
EEF2,Unkn-18,B10,Adult L3,F,Animal,8,Adult,26.34296194,26.34936551,0.00640357,0.015195287,9419.858626,3.974044385,9374.580192,107.8429007,313995.2875,
IGF1,Unkn-18,B10,Adult L3,F,Animal,8,Adult,31.1167241,31.28076816,0.16404406,0.146227718,178.07505,2.250603075,158.9905591,16.93509546,5935.835,-308059.4525
IGF2,Unkn-18,B10,Adult L3,F,Animal,8,Adult,28.05646921,28.10128924,0.04482003,0.038866129,1849.121927,3.266965549,1789.578492,51.63040715,61637.39757,-252357.8899
EEF2,Unkn-18,B11,Adult L3,F,Animal,8,Adult,26.36671447,26.34936551,0.01734896,0.015195287,9251.479595,3.966211195,9374.580192,107.8429007,308382.6532,
IGF1,Unkn-18,B11,Adult L3,F,Animal,8,Adult,31.3281534,31.28076816,0.04738524,0.146227718,153.1407539,2.185090781,158.9905591,16.93509546,5104.691797,-303277.9614
IGF2,Unkn-18,B11,Adult L3,F,Animal,8,Adult,28.12568669,28.10128924,0.02439745,0.038866129,1757.231226,3.244828912,1789.578492,51.63040715,58574.3742,-249808.279
EEF2,Unkn-18,B12,Adult L3,F,Animal,8,Adult,26.33842013,26.34936551,0.01094538,0.015195287,9452.402354,3.9755422,9374.580192,107.8429007,315080.0785,
IGF1,Unkn-18,B12,Adult L3,F,Animal,8,Adult,31.39742697,31.28076816,0.11665881,0.146227718,145.7558735,2.163626064,158.9905591,16.93509546,4858.529117,-310221.5494
IGF2,Unkn-18,B12,Adult L3,F,Animal,8,Adult,28.12171181,28.10128924,0.02042257,0.038866129,1762.382324,3.246100128,1789.578492,51.63040715,58746.07747,-256334.001
EEF2,Unkn-05,E4,Adult L4,F,Animal,8,Adult,24.52864141,24.55988513,0.03124372,0.094343168,37357.44579,4.572377175,36543.34814,2574.572759,1245248.193,
IGF1,Unkn-05,E4,Adult L4,F,Animal,8,Adult,28.284056,28.27868099,0.00537501,0.077685406,1343.747541,3.128317682,1350.294838,75.02620183,44791.5847,-1200456.608
IGF2,Unkn-05,E4,Adult L4,F,Animal,8,Adult,26.37942035,26.42473006,0.04530971,0.070621414,6357.80597,3.80330727,6154.662471,315.2251569,211926.8657,-1033321.327
EEF2,Unkn-05,E5,Adult L4,F,Animal,8,Adult,24.4851272,24.55988513,0.07475793,0.094343168,38612.45735,4.586727442,36543.34814,2574.572759,1287081.912,
IGF1,Unkn-05,E5,Adult L4,F,Animal,8,Adult,28.19844767,28.27868099,0.08023332,0.077685406,1428.380121,3.154843797,1350.294838,75.02620183,47612.6707,-1239469.241
IGF2,Unkn-05,E5,Adult L4,F,Animal,8,Adult,26.38866816,26.42473006,0.0360619,0.070621414,6314.656084,3.800349702,6154.662471,315.2251569,210488.5361,-1076593.376
EEF2,Unkn-05,E6,Adult L4,F,Animal,8,Adult,24.66588677,24.55988513,0.10600164,0.094343168,33660.14127,4.527115934,36543.34814,2574.572759,1122004.709,
IGF1,Unkn-05,E6,Adult L4,F,Animal,8,Adult,28.35353931,28.27868099,0.07485832,0.077685406,1278.756852,3.106787974,1350.294838,75.02620183,42625.2284,-1079379.481
IGF2,Unkn-05,E6,Adult L4,F,Animal,8,Adult,26.50610167,26.42473006,0.08137161,0.070621414,5791.52536,3.762792962,6154.662471,315.2251569,193050.8453,-928953.8637
EEF2,Unkn-09,A7,Adult L5,M,Animal,8,Adult,27.0724414,27.0779436,0.0055022,0.038632716,5538.352019,3.743380556,5516.842512,161.3016453,184611.734,
IGF1,Unkn-09,A7,Adult L5,M,Animal,8,Adult,29.27978073,29.27685747,0.00292326,0.060014952,612.0137664,2.786761191,613.6816889,26.50476519,20400.45888,-164211.2751
IGF2,Unkn-09,A7,Adult L5,M,Animal,8,Adult,27.12469564,27.10411027,0.02058537,0.060936474,3638.324609,3.560901444,3696.399206,167.5019458,121277.487,-63334.247
EEF2,Unkn-09,A8,Adult L5,M,Animal,8,Adult,27.11903243,27.0779436,0.04108883,0.038632716,5345.86533,3.728018014,5516.842512,161.3016453,178195.511,
IGF1,Unkn-09,A8,Adult L5,M,Animal,8,Adult,29.33535737,29.27685747,0.0584999,0.060014952,588.0502746,2.769414457,613.6816889,26.50476519,19601.67582,-158593.8352
IGF2,Unkn-09,A8,Adult L5,M,Animal,8,Adult,27.15208795,27.10411027,0.04797768,0.060936474,3565.663516,3.552140357,3696.399206,167.5019458,118855.4505,-59340.0605
EEF2,Unkn-09,A9,Adult L5,M,Animal,8,Adult,27.04235698,27.0779436,0.03558662,0.038632716,5666.310188,3.753300345,5516.842512,161.3016453,188877.0063,
IGF1,Unkn-09,A9,Adult L5,M,Animal,8,Adult,29.21543431,29.27685747,0.06142316,0.060014952,640.9810257,2.806845174,613.6816889,26.50476519,21366.03419,-167510.9721
IGF2,Unkn-09,A9,Adult L5,M,Animal,8,Adult,27.03554722,27.10411027,0.06856305,0.060936474,3885.209492,3.589414441,3696.399206,167.5019458,129506.9831,-59370.0232
EEF2,Unkn-16,H7,Adult L6,M,Animal,8,Adult,26.61106932,26.59005579,0.02101353,0.018999221,7861.575435,3.895509586,7988.559641,114.9227767,262052.5145,
IGF1,Unkn-16,H7,Adult L6,M,Animal,8,Adult,28.48910381,28.49596783,0.00686402,0.035717425,1080.312618,3.033549449,1075.23202,27.50014675,36010.4206,-226042.0939
IGF2,Unkn-16,H7,Adult L6,M,Animal,8,Adult,26.95110308,26.91467423,0.03642885,0.031550986,4134.498426,3.616422831,4247.681503,98.02807471,137816.6142,-124235.9003
EEF2,Unkn-16,H8,Adult L6,M,Animal,8,Adult,26.57409063,26.59005579,0.01596516,0.018999221,8085.420939,3.907702635,7988.559641,114.9227767,269514.0313,
IGF1,Unkn-16,H8,Adult L6,M,Animal,8,Adult,28.53461913,28.49596783,0.0386513,0.035717425,1045.545843,3.01934308,1075.23202,27.50014675,34851.5281,-234662.5032
IGF2,Unkn-16,H8,Adult L6,M,Animal,8,Adult,26.89604889,26.91467423,0.01862534,0.031550986,4305.575616,3.634031221,4247.681503,98.02807471,143519.1872,-125994.8441
EEF2,Unkn-16,H9,Adult L6,M,Animal,8,Adult,26.58500743,26.59005579,0.00504836,0.018999221,8018.682548,3.904103021,7988.559641,114.9227767,267289.4183,
IGF1,Unkn-16,H9,Adult L6,M,Animal,8,Adult,28.46418055,28.49596783,0.03178728,0.035717425,1099.8376,3.041328563,1075.23202,27.50014675,36661.25333,-230628.165
IGF2,Unkn-16,H9,Adult L6,M,Animal,8,Adult,26.89687073,26.91467423,0.0178035,0.031550986,4302.970468,3.633768365,4247.681503,98.02807471,143432.3489,-123857.0694
EEF2,Unkn-21,E10,Adult L7,F,Animal,8,Adult,25.3984615,25.4948269,0.0963654,0.095453152,19298.562,4.28552495,17968.25902,1302.903288,643285.4,
IGF1,Unkn-21,E10,Adult L7,F,Animal,8,Adult,30.21942892,30.28058027,0.06115135,0.065338442,337.7799855,2.528633913,323.593348,15.01947692,11259.33285,-632026.0672
IGF2,Unkn-21,E10,Adult L7,F,Animal,8,Adult,26.81026077,26.87139941,0.06113864,0.081686199,4629.338961,3.665518981,4430.824452,262.4272229,154311.2987,-488974.1013
EEF2,Unkn-21,E11,Adult L7,F,Animal,8,Adult,25.49667834,25.4948269,0.00185144,0.095453152,17911.61182,4.253134669,17968.25902,1302.903288,597053.7273,
IGF1,Unkn-21,E11,Adult L7,F,Animal,8,Adult,30.27288719,30.28058027,0.00769308,0.065338442,325.139426,2.512069635,323.593348,15.01947692,10837.98087,-586215.7464
IGF2,Unkn-21,E11,Adult L7,F,Animal,8,Adult,26.83976595,26.87139941,0.03163346,0.081686199,4529.839837,3.656082847,4430.824452,262.4272229,150994.6612,-446059.0661
EEF2,Unkn-21,E12,Adult L7,F,Animal,8,Adult,25.58934087,25.4948269,0.09451397,0.095453152,16694.60325,4.222576102,17968.25902,1302.903288,556486.775,
IGF1,Unkn-21,E12,Adult L7,F,Animal,8,Adult,30.34942468,30.28058027,0.06884441,0.065338442,307.8606326,2.488354157,323.593348,15.01947692,10262.02109,-546224.7539
IGF2,Unkn-21,E12,Adult L7,F,Animal,8,Adult,26.96417151,26.87139941,0.0927721,0.081686199,4133.294558,3.616296356,4430.824452,262.4272229,137776.4853,-418710.2897
EEF2,Unkn-13,E7,Adult L8,F,Animal,8,Adult,25.03801785,24.99558426,0.04243359,0.124652526,25953.42187,4.414194626,26884.4047,2595.076094,865114.0623,
IGF1,Unkn-13,E7,Adult L8,F,Animal,8,Adult,30.52079035,30.47861968,0.04217067,0.059038152,250.8498544,2.399413853,258.7252396,11.09670605,8361.661813,-856752.4005
IGF2,Unkn-13,E7,Adult L8,F,Animal,8,Adult,27.09993137,27.05167165,0.04825972,0.071851989,3705.288098,3.568821981,3842.965196,206.2316099,123509.6033,-741604.459
EEF2,Unkn-13,E8,Adult L8,F,Animal,8,Adult,25.09347999,24.99558426,0.09789573,0.124652526,24883.24389,4.395906996,26884.4047,2595.076094,829441.463,
IGF1,Unkn-13,E8,Adult L8,F,Animal,8,Adult,30.50392107,30.47861968,0.02530139,0.059038152,253.909612,2.404679142,258.7252396,11.09670605,8463.653733,-820977.8093
IGF2,Unkn-13,E8,Adult L8,F,Animal,8,Adult,27.08598798,27.05167165,0.03431633,0.071851989,3743.532418,3.573281598,3842.965196,206.2316099,124784.4139,-704657.0491
EEF2,Unkn-13,E9,Adult L8,F,Animal,8,Adult,24.85525493,24.99558426,0.14032933,0.124652526,29816.54833,4.474457366,26884.4047,2595.076094,993884.9443,
IGF1,Unkn-13,E9,Adult L8,F,Animal,8,Adult,30.41114761,30.47861968,0.06747207,0.059038152,271.4162525,2.43363585,258.7252396,11.09670605,9047.208417,-984837.7359
IGF2,Unkn-13,E9,Adult L8,F,Animal,8,Adult,26.96909559,27.05167165,0.08257606,0.071851989,4080.075072,3.610668154,3842.965196,206.2316099,136002.5024,-857882.4419
EEF2,Unkn-10,B7,286,F,Animal,5,Day 0,26.56301211,26.61954956,0.05653745,0.347116707,7970.315107,3.901475492,6717.062646,1635.95191,265677.1702,265677.1702
IGF1,Unkn-10,B7,286,F,Animal,5,Day 0,35.12698445,35.06376034,0.06322411,0.103945961,10.18606302,1.008006359,10.31897744,0.770948451,339.535434,-265337.6348
IGF2,Unkn-10,B7,286,F,Animal,5,Day 0,30.16487657,30.24962312,0.08474655,0.210982548,391.4441882,2.592669849,341.4638411,52.12274925,13048.13961,-252629.0306
EEF2,Unkn-10,B9,286,F,Animal,5,Day 0,26.67608701,26.61954956,0.05653745,0.347116707,7314.510495,3.864185267,6717.062646,1635.95191,243817.0165,
IGF1,Unkn-10,B9,286,F,Animal,5,Day 0,35.00053623,35.06376034,0.06322411,0.103945961,11.14774156,1.047186892,10.31897744,0.770948451,371.5913853,-243445.4251
IGF2,Unkn-10,B9,286,F,Animal,5,Day 0,30.33436967,30.24962312,0.08474655,0.210982548,345.5125149,2.538463783,341.4638411,52.12274925,11517.08383,-232299.9327
EEF2,Unkn-04,D4,289,F,Animal,5,Day 0,25.62355431,25.36216945,0.26138486,0.314924505,16266.46104,4.211293077,20229.49426,5016.753761,542215.368,
IGF1,Unkn-04,D4,289,F,Animal,5,Day 0,30.85223474,30.41966904,0.4325657,0.379260083,215.0583269,2.332556263,299.668182,74.68217897,7168.610897,-535046.7571
IGF2,Unkn-04,D4,289,F,Animal,5,Day 0,29.80919856,29.87974851,0.07054995,0.103251469,508.6513917,2.706420237,483.8184124,35.98983856,16955.04639,-525260.3216
EEF2,Unkn-04,D5,289,F,Animal,5,Day 0,25.01253432,25.36216945,0.34963513,0.314924505,25870.05365,4.412797329,20229.49426,5016.753761,862335.1217,
IGF1,Unkn-04,D5,289,F,Animal,5,Day 0,30.14419666,30.41966904,0.27547238,0.379260083,356.4059599,2.551944958,299.668182,74.68217897,11880.19866,-850454.923
IGF2,Unkn-04,D5,289,F,Animal,5,Day 0,29.83178951,29.87974851,0.047959,0.103251469,500.2595185,2.699195361,483.8184124,35.98983856,16675.31728,-845659.8044
EEF2,Unkn-04,D6,289,F,Animal,5,Day 0,25.45041973,25.36216945,0.08825028,0.314924505,18551.96809,4.268389989,20229.49426,5016.753761,618398.9363,
IGF1,Unkn-04,D6,289,F,Animal,5,Day 0,30.26257572,30.41966904,0.15709332,0.379260083,327.5402592,2.515264688,299.668182,74.68217897,10918.00864,-607480.9277
IGF2,Unkn-04,D6,289,F,Animal,5,Day 0,29.99825746,29.87974851,0.11850895,0.103251469,442.5443269,2.645956778,483.8184124,35.98983856,14751.47756,-603647.4587
EEF2,Unkn-15,G8,290,M,Animal,5,Day 0,25.92373324,25.81884465,0.10488859,0.443601794,12950.87323,4.112299052,17620.18612,6251.518797,431695.7743,
IGF1,Unkn-15,G8,290,M,Animal,5,Day 0,32.40122244,32.16573042,0.23549202,0.488398768,71.21896285,1.852595645,104.611949,36.12287537,2373.965428,-429321.8089
IGF2,Unkn-15,G8,290,M,Animal,5,Day 0,29.77096164,29.71901996,0.051941685,0.341123058,523.1773029,2.718648895,641.1940106,169.6693966,17439.24343,-414256.5309
EEF2,Unkn-15,G9,290,M,Animal,5,Day 0,25.71395606,25.81884465,0.10488859,0.443601794,15187.2829,4.181480083,17620.18612,6251.518797,506242.7633,
IGF1,Unkn-15,G9,290,M,Animal,5,Day 0,31.9302384,32.16573042,0.23549202,0.488398768,99.66257676,1.998532112,104.611949,36.12287537,3322.085892,-502920.6774
IGF2,Unkn-15,G9,290,M,Animal,5,Day 0,29.66707827,29.71901996,0.051941685,0.341123058,564.7706597,2.751872127,641.1940106,169.6693966,18825.68866,-487417.0746
EEF2,Unkn-05,E5,293,F,Animal,5,Day 0,25.51677391,25.48796203,0.02881188,0.447230928,18044.03015,4.256333544,15716.74581,4746.991629,601467.6717,
IGF1,Unkn-05,E5,293,F,Animal,5,Day 0,34.20424354,33.96934786,0.23489568,0.431576586,17.77150926,1.249724312,18.69562777,5.806762127,592.383642,-600875.2881
IGF2,Unkn-05,E5,293,F,Animal,5,Day 0,29.32183016,29.3398799,0.018049735,0.421296737,721.3992603,2.858175693,613.3342331,171.045603,24046.64201,-577421.0297
EEF2,Unkn-05,E6,293,F,Animal,5,Day 0,25.45915015,25.48796203,0.02881188,0.447230928,18850.97989,4.27533393,15716.74581,4746.991629,628365.9963,
IGF1,Unkn-05,E6,293,F,Animal,5,Day 0,33.73445218,33.96934786,0.23489568,0.431576586,24.90903384,1.396356883,18.69562777,5.806762127,830.301128,-627535.6952
IGF2,Unkn-05,E6,293,F,Animal,5,Day 0,29.35792963,29.3398799,0.018049735,0.421296737,702.4731578,2.846629734,613.3342331,171.045603,23415.77193,-604950.2244
EEF2,Unkn-19,C10,27L,M,Animal,5,Day 0,25.81029796,25.69785431,0.11244365,0.112166976,14439.40643,4.159549341,15764.2976,1340.866835,481313.5477,
IGF1,Unkn-19,C10,27L,M,Animal,5,Day 0,34.15527569,33.88258914,0.27268655,0.242577281,18.40807147,1.265008292,22.61496779,3.773987439,613.6023823,-480699.9453
IGF2,Unkn-19,C10,27L,M,Animal,5,Day 0,28.6592681,28.56073116,0.09853694,0.087788384,1175.13512,3.070087806,1265.32705,80.60011613,39171.17067,-442142.377
EEF2,Unkn-19,C11,27L,M,Animal,5,Day 0,25.58596607,25.69785431,0.11188824,0.112166976,17120.58856,4.233518691,15764.2976,1340.866835,570686.2853,
IGF1,Unkn-19,C11,27L,M,Animal,5,Day 0,33.80170099,33.88258914,0.08088815,0.242577281,23.73378467,1.375366998,22.61496779,3.773987439,791.1261557,-569895.1591
IGF2,Unkn-19,C11,27L,M,Animal,5,Day 0,28.49085556,28.56073116,0.0698756,0.087788384,1330.3087,3.123952431,1265.32705,80.60011613,44343.62333,-526342.662
EEF2,Unkn-19,C12,27L,M,Animal,5,Day 0,25.6972989,25.69785431,0.00055541,0.112166976,15732.8978,4.196808721,15764.2976,1340.866835,524429.9267,
IGF1,Unkn-19,C12,27L,M,Animal,5,Day 0,33.69079073,33.88258914,0.19179841,0.242577281,25.70304722,1.409984614,22.61496779,3.773987439,856.7682407,-523573.1585
IGF2,Unkn-19,C12,27L,M,Animal,5,Day 0,28.53206982,28.56073116,0.02866134,0.087788384,1290.537331,3.110770572,1265.32705,80.60011613,43017.91103,-481412.0157
EEF2,Unkn-11,C7,38L,F,Animal,5,Day 0,27.00739788,27.04231818,0.0349203,0.05291853,5687.539744,3.754924444,5541.665218,220.1283124,189584.6581,
IGF1,Unkn-11,C7,38L,F,Animal,5,Day 0,35.40871091,35.41278749,0.00407658,0.396586933,8.331288643,0.920712181,8.529943432,2.384648383,277.7096214,-189306.9485
IGF2,Unkn-11,C7,38L,F,Animal,5,Day 0,30.59573279,30.52813666,0.06759613,0.082496214,285.0207697,2.454876509,299.9390967,18.43467653,9500.692323,-180083.9658
EEF2,Unkn-11,C8,38L,F,Animal,5,Day 0,27.10320413,27.04231818,0.06088595,0.05291853,5288.458876,3.723329132,5541.665218,220.1283124,176281.9625,
IGF1,Unkn-11,C8,38L,F,Animal,5,Day 0,35.01825456,35.41278749,0.39453293,0.396586933,11.00770521,1.04169679,8.529943432,2.384648383,366.923507,-175915.039
IGF2,Unkn-11,C8,38L,F,Animal,5,Day 0,30.55246517,30.52813666,0.02432851,0.082496214,294.2483577,2.468714048,299.9390967,18.43467653,9808.27859,-166473.6839
EEF2,Unkn-11,C9,38L,F,Animal,5,Day 0,27.01635254,27.04231818,0.02596564,0.05291853,5648.997035,3.751971347,5541.665218,220.1283124,188299.9012,
IGF1,Unkn-11,C9,38L,F,Animal,5,Day 0,35.811397,35.41278749,0.39860951,0.396586933,6.250836443,0.795938135,8.529943432,2.384648383,208.3612148,-188091.54
IGF2,Unkn-11,C9,38L,F,Animal,5,Day 0,30.43621203,30.52813666,0.09192463,0.082496214,320.5481628,2.505893292,299.9390967,18.43467653,10684.93876,-177614.9624
EEF2,Unkn-03,C5,50L,M,Animal,5,Day 0,26.94136289,27.06574329,0.124380395,0.270572961,6117.88496,3.786601306,6272.69248,1292.099334,203929.4987,
IGF1,Unkn-03,C5,50L,M,Animal,5,Day 0,33.80093559,34.47592204,0.674986445,3.501290901,23.7468439,1.375605897,361.7812627,598.3092545,791.5614633,-203137.9372
IGF2,Unkn-03,C5,50L,M,Animal,5,Day 0,28.63604139,28.7769373,0.14089591,0.581407021,1195.409155,3.077516577,1459.854061,661.5987296,39846.97183,-164082.5269
EEF2,Unkn-03,C6,50L,M,Animal,5,Day 0,27.19012368,27.06574329,0.124380395,0.270572961,5064.971086,3.70457697,6272.69248,1292.099334,168832.3695,
IGF1,Unkn-03,C6,50L,M,Animal,5,Day 0,35.15090848,34.47592204,0.674986445,3.501290901,9.000127149,0.954248645,361.7812627,598.3092545,300.0042383,-168532.3653
IGF2,Unkn-03,C6,50L,M,Animal,5,Day 0,28.91783321,28.7769373,0.14089591,0.581407021,971.379689,2.987389018,1459.854061,661.5987296,32379.32297,-136453.0465
EEF2,Unkn-16,H7,65L,F,Animal,5,Day 0,26.65902812,26.62946442,0.0295637,0.043175124,7409.877107,3.869811005,7580.836712,250.7176536,246995.9036,
IGF1,Unkn-16,H7,65L,F,Animal,5,Day 0,34.92534926,35.086901,0.16155174,0.146899838,11.7620739,1.070483904,10.52044912,1.12080146,392.06913,-246603.8345
IGF2,Unkn-16,H7,65L,F,Animal,5,Day 0,28.6981331,28.64103318,0.05709992,0.061935687,1152.797998,3.061753214,1203.141029,55.11886395,38426.59993,-208569.3037
EEF2,Unkn-16,H8,65L,F,Animal,5,Day 0,26.64944722,26.62946442,0.0199828,0.043175124,7463.982749,3.872970627,7580.836712,250.7176536,248799.425,
IGF1,Unkn-16,H8,65L,F,Animal,5,Day 0,35.12289584,35.086901,0.03599484,0.146899838,10.21581996,1.00927323,10.52044912,1.12080146,340.527332,-248458.8977
IGF2,Unkn-16,H8,65L,F,Animal,5,Day 0,28.64977569,28.64103318,0.00874251,0.061935687,1194.589057,3.077218532,1203.141029,55.11886395,39819.63523,-208979.7898
EEF2,Unkn-16,H9,65L,F,Animal,5,Day 0,26.5799179,26.62946442,0.04954652,0.043175124,7868.650278,3.895900244,7580.836712,250.7176536,262288.3426,
IGF1,Unkn-16,H9,65L,F,Animal,5,Day 0,35.21245789,35.086901,0.12555689,0.146899838,9.583453497,0.98152204,10.52044912,1.12080146,319.4484499,-261968.8942
IGF2,Unkn-16,H9,65L,F,Animal,5,Day 0,28.57519074,28.64103318,0.06584244,0.061935687,1262.036032,3.101071754,1203.141029,55.11886395,42067.86773,-220220.4749
EEF2,Unkn-07,G4,EDBP14,NA,Embryo,3,Stage 16,26.4115841,26.34255241,0.06903169,0.066472435,8941.573228,3.951413938,9430.776308,474.4081798,298052.4409,
IGF1,Unkn-07,G4,EDBP14,NA,Embryo,3,Stage 16,33.33165244,33.28374901,0.04790343,0.099383574,36.66889625,1.564297838,38.00826108,2.745751019,1222.296542,1222.296542
IGF2,Unkn-07,G4,EDBP14,NA,Embryo,3,Stage 16,32.37590032,32.4103296,0.03442928,0.139482411,76.83447231,1.885556113,75.17146549,7.572559295,2561.149077,-295491.2918
EEF2,Unkn-07,G5,EDBP14,NA,Embryo,3,Stage 16,26.27897535,26.34255241,0.06357706,0.066472435,9888.857076,3.9951461,9430.776308,474.4081798,329628.5692,
IGF1,Unkn-07,G5,EDBP14,NA,Embryo,3,Stage 16,33.1694865,33.28374901,0.11426251,0.099383574,41.16666306,1.614545665,38.00826108,2.745751019,1372.222102,1372.222102
IGF2,Unkn-07,G5,EDBP14,NA,Embryo,3,Stage 16,32.56380249,32.4103296,0.15347289,0.139482411,66.90561876,1.825462592,75.17146549,7.572559295,2230.187292,-327398.3819
EEF2,Unkn-07,G6,EDBP14,NA,Embryo,3,Stage 16,26.33709777,26.34255241,0.00545464,0.066472435,9461.89862,3.97597829,9430.776308,474.4081798,315396.6207,
IGF1,Unkn-07,G6,EDBP14,NA,Embryo,3,Stage 16,33.3501081,33.28374901,0.06635909,0.099383574,36.18922394,1.55857927,38.00826108,2.745751019,1206.307465,1206.307465
IGF2,Unkn-07,G6,EDBP14,NA,Embryo,3,Stage 16,32.29128598,32.4103296,0.11904362,0.139482411,81.77430539,1.912616864,75.17146549,7.572559295,2725.81018,-312670.8105
EEF2,Unkn-13,E7,EDBP15,NA,Embryo,3,Stage 16,30.15654586,30.03111799,0.12542787,0.132708586,520.4604342,2.71638772,563.6249769,58.09197592,17348.68114,
IGF1,Unkn-13,E7,EDBP15,NA,Embryo,3,Stage 16,36.01008118,35.87757674,0.132504445,0.495119158,5.424690588,0.734374972,7.576584142,2.806761889,180.8230196,180.8230196
IGF2,Unkn-13,E7,EDBP15,NA,Embryo,3,Stage 16,34.12898712,34.12398564,0.00500148,0.250485118,21.12985345,1.324896485,23.8683287,4.608549623,704.3284483,-16644.35269
EEF2,Unkn-13,E9,EDBP15,NA,Embryo,3,Stage 16,29.90569012,30.03111799,0.12542787,0.132708586,629.6740264,2.799115779,563.6249769,58.09197592,20989.13421,
IGF1,Unkn-13,E9,EDBP15,NA,Embryo,3,Stage 16,35.74507229,35.87757674,0.132504445,0.495119158,6.55373891,0.816489136,7.576584142,2.806761889,218.4579637,218.4579637
IGF2,Unkn-13,E9,EDBP15,NA,Embryo,3,Stage 16,34.11898416,34.12398564,0.00500148,0.250485118,21.28607361,1.32809556,23.8683287,4.608549623,709.535787,-20279.59842
EEF2,Unkn-06,F5,EDBP43,NA,Embryo,3,Stage 16,25.83481606,25.64210047,0.192715595,0.556895831,14173.1031,4.151464946,21926.23636,9564.537696,472436.77,
IGF1,Unkn-06,F5,EDBP43,NA,Embryo,3,Stage 16,32.51036195,32.5617015,0.05133955,0.37850282,60.03759586,1.778423293,69.36310905,19.96551183,2001.253195,2001.253195
IGF2,Unkn-06,F5,EDBP43,NA,Embryo,3,Stage 16,31.48668462,31.39828119,0.08840343,0.41284047,146.4786455,2.165774315,191.6043199,61.36975992,4882.621517,-467554.1485
EEF2,Unkn-06,F6,EDBP43,NA,Embryo,3,Stage 16,25.44938487,25.64210047,0.192715595,0.556895831,18991.26315,4.278553852,21926.23636,9564.537696,633042.105,
IGF1,Unkn-06,F6,EDBP43,NA,Embryo,3,Stage 16,32.61304105,32.5617015,0.05133955,0.37850282,55.76668261,1.74637481,69.36310905,19.96551183,1858.88942,1858.88942
IGF2,Unkn-06,F6,EDBP43,NA,Embryo,3,Stage 16,31.30987776,31.39828119,0.08840343,0.41284047,166.8490575,2.222323758,191.6043199,61.36975992,5561.63525,-627480.4698
EEF2,Unkn-03,C4,St 4_2,NA,Embryo,1,Stage 2,24.52083345,24.57101637,0.05018292,0.046796174,37579.59647,4.574952112,36189.77793,1291.293861,1252653.216,
IGF1,Unkn-03,C4,St 4_2,NA,Embryo,1,Stage 2,35.37374622,35.21296502,0.1607812,0.238286144,8.541736002,0.931546145,9.675396868,1.713344138,284.7245334,284.7245334
IGF2,Unkn-03,C4,St 4_2,NA,Embryo,1,Stage 2,30.96826398,30.95387713,0.01438685,0.032060026,216.6388088,2.335736259,218.987025,5.20237457,7221.293627,-1245431.922
EEF2,Unkn-03,C5,St 4_2,NA,Embryo,1,Stage 2,24.57875453,24.57101637,0.00773816,0.046796174,35962.56851,4.555850702,36189.77793,1291.293861,1198752.284,
IGF1,Unkn-03,C5,St 4_2,NA,Embryo,1,Stage 2,35.32594541,35.21296502,0.11298039,0.238286144,8.838069932,0.946357434,9.675396868,1.713344138,294.6023311,294.6023311
IGF2,Unkn-03,C5,St 4_2,NA,Embryo,1,Stage 2,30.91714375,30.95387713,0.03673338,0.032060026,224.9495683,2.352085164,218.987025,5.20237457,7498.318943,-1191253.965
EEF2,Unkn-03,C6,St 4_2,NA,Embryo,1,Stage 2,24.61346115,24.57101637,0.04244478,0.046796174,35027.1688,4.544405035,36189.77793,1291.293861,1167572.293,
IGF1,Unkn-03,C6,St 4_2,NA,Embryo,1,Stage 2,34.93920342,35.21296502,0.2737616,0.238286144,11.64638467,1.06619113,9.675396868,1.713344138,388.2128223,388.2128223
IGF2,Unkn-03,C6,St 4_2,NA,Embryo,1,Stage 2,30.97622367,30.95387713,0.02234654,0.032060026,215.3726979,2.333190648,218.987025,5.20237457,7179.08993,-1160393.203
EEF2,Unkn-18,B11,St2_1,NA,Embryo,1,Stage 2,25.0846151,25.21114784,0.12653274,0.16687013,25051.28643,4.398830033,21815.55457,2842.114316,835042.881,
IGF1,Unkn-18,B11,St2_1,NA,Embryo,1,Stage 2,33.33080219,33.4748901,0.144087905,0.313546881,33.29240941,1.522345227,27.1935485,6.035341149,1109.74698,1109.74698
IGF2,Unkn-18,B11,St2_1,NA,Embryo,1,Stage 2,31.28964905,31.33285282,0.043203765,0.120519203,169.3532966,2.228793655,156.794415,13.74073794,5645.109887,-829397.7711
EEF2,Unkn-18,B12,St2_1,NA,Embryo,1,Stage 2,25.33768058,25.21114784,0.12653274,0.16687013,20672.18132,4.315386306,21815.55457,2842.114316,689072.7107,
IGF1,Unkn-18,B12,St2_1,NA,Embryo,1,Stage 2,33.618978,33.4748901,0.144087905,0.313546881,27.06443729,1.432399002,27.1935485,6.035341149,902.1479097,902.1479097
IGF2,Unkn-18,B12,St2_1,NA,Embryo,1,Stage 2,31.37605658,31.33285282,0.043203765,0.120519203,158.9122208,2.201157297,156.794415,13.74073794,5297.074027,-683775.6367
EEF2,Unkn-09,A7,St2_2,NA,Embryo,1,Stage 2,25.88848241,25.92098984,0.03250743,0.121478813,13302.22192,4.123924189,13014.29537,1178.500468,443407.3973,
IGF1,Unkn-09,A7,St2_2,NA,Embryo,1,Stage 2,35.03859305,35.07794768,0.03935463,0.100978398,10.84912768,1.03539482,10.56678197,0.747098962,361.6375893,361.6375893
IGF2,Unkn-09,A7,St2_2,NA,Embryo,1,Stage 2,32.72181753,32.74843605,0.02661852,0.144770169,59.55625172,1.774927357,58.61956859,6.151520255,1985.208391,-441422.1889
EEF2,Unkn-09,A8,St2_2,NA,Embryo,1,Stage 2,26.05541526,25.92098984,0.13442542,0.121478813,11718.51306,4.068872508,13014.29537,1178.500468,390617.102,
IGF1,Unkn-09,A8,St2_2,NA,Embryo,1,Stage 2,35.19267786,35.07794768,0.11473018,0.100978398,9.719657609,0.987650966,10.56678197,0.747098962,323.988587,323.988587
IGF2,Unkn-09,A8,St2_2,NA,Embryo,1,Stage 2,32.90466834,32.74843605,0.15623229,0.144770169,52.05342661,1.716449324,58.61956859,6.151520255,1735.11422,-388881.9878
EEF2,Unkn-09,A9,St2_2,NA,Embryo,1,Stage 2,25.81907184,25.92098984,0.101918,0.121478813,14022.15112,4.146814643,13014.29537,1178.500468,467405.0373,
IGF1,Unkn-09,A9,St2_2,NA,Embryo,1,Stage 2,35.00257214,35.07794768,0.07537554,0.100978398,11.13156063,1.046556056,10.56678197,0.747098962,371.052021,371.052021
IGF2,Unkn-09,A9,St2_2,NA,Embryo,1,Stage 2,32.61882228,32.74843605,0.12961377,0.144770169,64.24902745,1.807866558,58.61956859,6.151520255,2141.634248,-465263.4031
EEF2,Unkn-04,D5,St4_1,NA,Embryo,1,Stage 2,24.48575477,24.58911833,0.10336356,0.141145044,39472.37947,4.596293307,38206.96515,3989.007902,1315745.982,
IGF1,Unkn-04,D5,St4_1,NA,Embryo,1,Stage 2,34.54727544,34.83554674,0.288271295,1.248467313,13.88852903,1.142656251,24.75947411,23.03006934,462.9509677,462.9509677
IGF2,Unkn-04,D5,St4_1,NA,Embryo,1,Stage 2,31.10914665,31.21118633,0.102039675,0.293224136,193.4305507,2.286525068,204.8847606,45.27379921,6447.685023,-1309298.297
EEF2,Unkn-04,D6,St4_1,NA,Embryo,1,Stage 2,24.69248189,24.58911833,0.10336356,0.141145044,33738.736,4.528128808,38206.96515,3989.007902,1124624.533,
IGF1,Unkn-04,D6,St4_1,NA,Embryo,1,Stage 2,35.12381803,34.83554674,0.288271295,1.248467313,9.177073103,0.962704191,24.75947411,23.03006934,305.9024368,305.9024368
IGF2,Unkn-04,D6,St4_1,NA,Embryo,1,Stage 2,31.313226,31.21118633,0.102039675,0.293224136,166.4381437,2.221252863,204.8847606,45.27379921,5547.938123,-1119076.595
EEF2,Unkn-01,A4,EDBP23,NA,Embryo,2,Stage 6,25.42855592,25.47374999,0.04519407,0.102720051,18862.54592,4.27560031,18262.66751,1393.624111,628751.5307,
IGF1,Unkn-01,A4,EDBP23,NA,Embryo,2,Stage 6,34.70419695,35.09678102,0.39258407,0.456150853,13.77237741,1.139008915,10.76519754,3.270627929,459.079247,459.079247
IGF2,Unkn-01,A4,EDBP23,NA,Embryo,2,Stage 6,32.09567502,32.19380772,0.0981327,0.088779838,94.44430087,1.975175756,87.98631839,5.817825036,3148.143362,-625603.3873
EEF2,Unkn-01,A5,EDBP23,NA,Embryo,2,Stage 6,25.4013758,25.47374999,0.07237419,0.102720051,19255.90177,4.284563862,18262.66751,1393.624111,641863.3923,
IGF1,Unkn-01,A5,EDBP23,NA,Embryo,2,Stage 6,35.59718144,35.09678102,0.50040042,0.456150853,7.28305789,0.862313762,10.76519754,3.270627929,242.7685963,242.7685963
IGF2,Unkn-01,A5,EDBP23,NA,Embryo,2,Stage 6,32.26855169,32.19380772,0.07474397,0.088779838,83.15484941,1.919887581,87.98631839,5.817825036,2771.828314,-639091.564
EEF2,Unkn-01,A6,EDBP23,NA,Embryo,2,Stage 6,25.59131823,25.47374999,0.11756824,0.102720051,16669.55486,4.221924003,18262.66751,1393.624111,555651.8287,
IGF1,Unkn-01,A6,EDBP23,NA,Embryo,2,Stage 6,34.98896467,35.09678102,0.10781635,0.456150853,11.24015732,1.05077239,10.76519754,3.270627929,374.6719107,374.6719107
IGF2,Unkn-01,A6,EDBP23,NA,Embryo,2,Stage 6,32.21719643,32.19380772,0.02338871,0.088779838,86.35980491,1.936311653,87.98631839,5.817825036,2878.660164,-552773.1685
EEF2,Unkn-11,C7,EDBP24,NA,Embryo,2,Stage 6,26.14682518,26.23026377,0.08343859,0.087108932,11183.70308,4.048585628,10512.46566,692.1496167,372790.1027,
IGF1,Unkn-11,C7,EDBP24,NA,Embryo,2,Stage 6,34.49461975,34.49368721,0.00093254,0.018228683,14.42418514,1.159091288,14.43468167,0.189195982,480.8061713,480.8061713
IGF2,Unkn-11,C7,EDBP24,NA,Embryo,2,Stage 6,32.59660441,32.60571141,0.009107,0.123101764,64.68155831,1.810780474,64.42475329,5.805485908,2156.051944,-370634.0508
EEF2,Unkn-11,C8,EDBP24,NA,Embryo,2,Stage 6,26.32062941,26.23026377,0.09036564,0.087108932,9801.145822,3.991276851,10512.46566,692.1496167,326704.8607,
IGF1,Unkn-11,C8,EDBP24,NA,Embryo,2,Stage 6,34.51143172,34.49368721,0.01774451,0.018228683,14.25095246,1.153843891,14.43468167,0.189195982,475.0317487,475.0317487
IGF2,Unkn-11,C8,EDBP24,NA,Embryo,2,Stage 6,32.48741605,32.60571141,0.11829536,0.123101764,70.09757522,1.845702995,64.42475329,5.805485908,2336.585841,-324368.2749
EEF2,Unkn-11,C9,EDBP24,NA,Embryo,2,Stage 6,26.22333673,26.23026377,0.00692704,0.087108932,10552.54809,4.02335734,10512.46566,692.1496167,351751.603,
IGF1,Unkn-11,C9,EDBP24,NA,Embryo,2,Stage 6,34.47501015,34.49368721,0.01867706,0.018228683,14.62890741,1.165211891,14.43468167,0.189195982,487.630247,487.630247
IGF2,Unkn-11,C9,EDBP24,NA,Embryo,2,Stage 6,32.73311376,32.60571141,0.12740235,0.123101764,58.49512634,1.767119683,64.42475329,5.805485908,1949.837545,-349801.7655
EEF2,Unkn-12,D7,EDBP26,NA,Embryo,2,Stage 6,24.24827222,24.36966709,0.12139487,0.163970064,46220.8876,4.664838281,42364.20996,5098.347024,1540696.253,
IGF1,Unkn-12,D7,EDBP26,NA,Embryo,2,Stage 6,33.9628436,34.11992319,0.15707959,0.150268503,23.37332488,1.368720496,20.97585615,2.262991779,779.1108293,779.1108293
IGF2,Unkn-12,D7,EDBP26,NA,Embryo,2,Stage 6,31.23560095,31.30175399,0.06615304,0.059346868,177.9256129,2.250238471,169.574271,7.474423947,5930.853763,-1534765.399
EEF2,Unkn-12,D8,EDBP26,NA,Embryo,2,Stage 6,24.55619634,24.36966709,0.18652925,0.163970064,36583.90144,4.563290018,42364.20996,5098.347024,1219463.381,
IGF1,Unkn-12,D8,EDBP26,NA,Embryo,2,Stage 6,34.26229969,34.11992319,0.1423765,0.150268503,18.87698871,1.275932716,20.97585615,2.262991779,629.232957,629.232957
IGF2,Unkn-12,D8,EDBP26,NA,Embryo,2,Stage 6,31.35031863,31.30175399,0.04856464,0.059346868,163.5122465,2.213550285,169.574271,7.474423947,5450.408217,-1214012.973
EEF2,Unkn-12,D9,EDBP26,NA,Embryo,2,Stage 6,24.3045327,24.36966709,0.06513439,0.163970064,44287.84085,4.646284508,42364.20996,5098.347024,1476261.362,
IGF1,Unkn-12,D9,EDBP26,NA,Embryo,2,Stage 6,34.13462628,34.11992319,0.01470309,0.150268503,20.67725486,1.315492881,20.97585615,2.262991779,689.2418287,689.2418287
IGF2,Unkn-12,D9,EDBP26,NA,Embryo,2,Stage 6,31.3193424,31.30175399,0.01758841,0.059346868,167.2849537,2.22345688,169.574271,7.474423947,5576.165123,-1470685.197
EEF2,Unkn-24,H10,EDBP29,NA,Embryo,2,Stage 6,25.39699834,25.37266811,0.024330235,0.02880739,19320.01581,4.286007478,19816.95566,430.7460068,644000.527,
IGF1,Unkn-24,H10,EDBP29,NA,Embryo,2,Stage 6,35.52960308,35.51378551,0.01581757,0.493501657,7.642812655,0.883253214,9.89306732,3.747480295,254.7604218,254.7604218
IGF2,Unkn-24,H10,EDBP29,NA,Embryo,2,Stage 6,31.71931318,31.67370309,0.04561009,0.046101385,124.6066151,2.095541099,129.2806654,4.370016805,4153.553837,-639846.9732
EEF2,Unkn-24,H12,EDBP29,NA,Embryo,2,Stage 6,25.34833787,25.37266811,0.024330235,0.02880739,20047.25389,4.302054891,19816.95566,430.7460068,668241.7963,
IGF1,Unkn-24,H12,EDBP29,NA,Embryo,2,Stage 6,35.49796794,35.51378551,0.01581757,0.493501657,7.817276968,0.893055499,9.89306732,3.747480295,260.5758989,260.5758989
IGF2,Unkn-24,H12,EDBP29,NA,Embryo,2,Stage 6,31.628093,31.67370309,0.04561009,0.046101385,133.2645017,2.12471448,129.2806654,4.370016805,4442.150057,-663799.6462
EEF2,Unkn-06,F4,35L,F,Animal,6,Week 4,25.966763,26.08074081,0.11397781,0.163721208,12534.54431,4.09810855,11553.28458,1385.023755,417818.1437,
IGF1,Unkn-06,F4,35L,F,Animal,6,Week 4,34.22820217,34.26627494,0.03807277,0.206251528,19.34184858,1.286497979,18.95785419,2.727284081,644.728286,-417173.4154
IGF2,Unkn-06,F4,35L,F,Animal,6,Week 4,30.60873579,30.83247361,0.22373782,0.267632806,282.3046174,2.450717982,242.4546147,45.77236517,9410.153913,-408407.9898
EEF2,Unkn-06,F5,35L,F,Animal,6,Week 4,26.0071103,26.08074081,0.07363051,0.163721208,12156.33557,4.08480268,11553.28458,1385.023755,405211.1857,
IGF1,Unkn-06,F5,35L,F,Animal,6,Week 4,34.4889103,34.26627494,0.22263536,0.206251528,16.05892336,1.205716425,18.95785419,2.727284081,535.2974453,-404675.8883
IGF2,Unkn-06,F5,35L,F,Animal,6,Week 4,30.75972573,30.83247361,0.07274788,0.267632806,252.5977423,2.402429465,242.4546147,45.77236517,8419.924743,-396791.261
EEF2,Unkn-06,F6,35L,F,Animal,6,Week 4,26.26834911,26.08074081,0.1876083,0.163721208,9968.973862,3.998650457,11553.28458,1385.023755,332299.1287,
IGF1,Unkn-06,F6,35L,F,Animal,6,Week 4,34.08171236,34.26627494,0.18456258,0.206251528,21.47279062,1.331888489,18.95785419,2.727284081,715.7596873,-331583.369
IGF2,Unkn-06,F6,35L,F,Animal,6,Week 4,31.12895931,30.83247361,0.2964857,0.267632806,192.4614844,2.284343831,242.4546147,45.77236517,6415.382813,-325883.7459
EEF2,Unkn-08,H4,37L,M,Animal,6,Week 4,26.69390949,26.70749111,0.01358162,0.019222964,7216.185857,3.85830771,7142.651834,103.8541728,240539.5286,
IGF1,Unkn-08,H4,37L,M,Animal,6,Week 4,35.04809216,35.12208118,0.07398902,0.362374819,10.77584854,1.032451479,10.44499275,2.576765791,359.1949513,-240180.3336
IGF2,Unkn-08,H4,37L,M,Animal,6,Week 4,33.56271972,33.5378041,0.02491562,0.079253784,32.06240207,1.505996056,32.69349994,1.930731975,1068.746736,-239470.7819
EEF2,Unkn-08,H5,37L,M,Animal,6,Week 4,26.69907742,26.70749111,0.00841369,0.019222964,7187.922922,3.856603411,7142.651834,103.8541728,239597.4307,
IGF1,Unkn-08,H5,37L,M,Animal,6,Week 4,35.51574041,35.12208118,0.39365923,0.362374819,7.718779277,0.887548622,10.44499275,2.576765791,257.2926426,-239340.1381
IGF2,Unkn-08,H5,37L,M,Animal,6,Week 4,33.60160618,33.5378041,0.06380208,0.079253784,31.15728956,1.49355967,32.69349994,1.930731975,1038.576319,-238558.8544
EEF2,Unkn-08,H6,37L,M,Animal,6,Week 4,26.72948643,26.70749111,0.02199532,0.019222964,7023.846723,3.846575026,7142.651834,103.8541728,234128.2241,
IGF1,Unkn-08,H6,37L,M,Animal,6,Week 4,34.80241095,35.12208118,0.31967023,0.362374819,12.84035043,1.108576876,10.44499275,2.576765791,428.011681,-233700.2124
IGF2,Unkn-08,H6,37L,M,Animal,6,Week 4,33.4490864,33.5378041,0.0887177,0.079253784,34.86080819,1.542337451,32.69349994,1.930731975,1162.02694,-232966.1972
EEF2,Unkn-08,H4,42L,M,Animal,6,Week 4,27.77319712,27.5757713,0.19742582,0.204573287,3253.262719,3.512319136,3899.710336,584.3801571,108442.0906,
IGF1,Unkn-08,H4,42L,M,Animal,6,Week 4,33.79771475,33.63811729,0.15959746,0.583708301,23.80187633,1.376611194,35.81310885,15.79009294,793.3958777,-107648.6947
IGF2,Unkn-08,H4,42L,M,Animal,6,Week 4,31.2506712,31.11806396,0.13260724,0.135813771,174.2850873,2.241260228,195.2183159,19.1573316,5809.50291,-102632.5877
EEF2,Unkn-08,H6,42L,M,Animal,6,Week 4,27.37834548,27.5757713,0.19742582,0.204573287,4390.502868,3.642514265,3899.710336,584.3801571,146350.0956,
IGF1,Unkn-08,H6,42L,M,Animal,6,Week 4,33.47851983,33.63811729,0.15959746,0.583708301,29.93913105,1.476239191,35.81310885,15.79009294,997.971035,-145352.1246
IGF2,Unkn-08,H6,42L,M,Animal,6,Week 4,30.98545672,31.11806396,0.13260724,0.135813771,211.877935,2.326085732,195.2183159,19.1573316,7062.597833,-139287.4978
EEF2,Unkn-15,G7,52L,F,Animal,6,Week 4,26.78618472,26.7195447,0.06664002,0.070435246,6882.852725,3.837768477,7319.716064,386.2201362,229428.4242,
IGF1,Unkn-15,G7,52L,F,Animal,6,Week 4,34.20817666,34.18656151,0.02161515,0.310277447,17.72134553,1.248496694,20.82035119,4.891326907,590.7115177,-228837.7127
IGF2,Unkn-15,G7,52L,F,Animal,6,Week 4,30.57730475,30.49467861,0.08262614,0.08426186,286.1725614,2.456627991,306.6616339,18.82982276,9539.08538,-219889.3388
EEF2,Unkn-15,G9,52L,F,Animal,6,Week 4,26.65290468,26.7195447,0.06664002,0.070435246,7615.793153,3.88171514,7319.716064,386.2201362,253859.7718,
IGF1,Unkn-15,G9,52L,F,Animal,6,Week 4,34.16494636,34.18656151,0.02161515,0.310277447,18.28057512,1.261989855,20.82035119,4.891326907,609.352504,-253250.4193
IGF2,Unkn-15,G9,52L,F,Animal,6,Week 4,30.41205247,30.49467861,0.08262614,0.08426186,323.2078093,2.509481846,306.6616339,18.82982276,10773.59364,-243086.1782
EEF2,Unkn-02,B5,54L,M,Animal,6,Week 4,26.67813031,26.71859687,0.040466555,0.721759493,7471.321899,3.873397448,11062.49002,6609.453271,249044.0633,
IGF1,Unkn-02,B5,54L,M,Animal,6,Week 4,31.8499252,32.8650661,1.0151409,4.449682271,96.50740284,1.984560628,3449.27649,5871.434608,3216.913428,-245827.1499
IGF2,Unkn-02,B5,54L,M,Animal,6,Week 4,30.21308008,30.33216351,0.11908343,2.638660517,374.2145366,2.573120654,3526.823644,5512.698419,12473.81789,-236570.2454
EEF2,Unkn-02,B6,54L,M,Animal,6,Week 4,26.75906342,26.71859687,0.040466555,0.721759493,7026.049893,3.846711229,11062.49002,6609.453271,234201.6631,
IGF1,Unkn-02,B6,54L,M,Animal,6,Week 4,33.880207,32.86507,1.015137,4.449682271,22.43176717,1.350863489,3449.27649,5871.434608,747.7255723,-233453.9375
IGF2,Unkn-02,B6,54L,M,Animal,6,Week 4,30.45124694,30.33216351,0.11908343,2.638660517,314.0118146,2.496945989,3526.823644,5512.698419,10467.06049,-223734.6026
EEF2,Unkn-22,F10,56L,F,Animal,6,Week 4,26.54964215,26.62640451,0.07676236,0.069407552,8051.646181,3.905884682,7602.814296,404.4521018,268388.206,
IGF1,Unkn-22,F10,56L,F,Animal,6,Week 4,33.33428044,33.30445966,0.02982078,0.088135366,36.60020678,1.563483539,37.43701823,2.385908763,1220.006893,-267168.1991
IGF2,Unkn-22,F10,56L,F,Animal,6,Week 4,28.8808852,28.97308743,0.09220223,0.080442112,1007.64313,3.003306748,942.6110781,56.69693192,33588.10433,-234800.1017
EEF2,Unkn-22,F11,56L,F,Animal,6,Week 4,26.64483413,26.62640451,0.01842962,0.069407552,7490.174724,3.874491949,7602.814296,404.4521018,249672.4908,
IGF1,Unkn-22,F11,56L,F,Animal,6,Week 4,33.37381601,33.30445966,0.06935635,0.088135366,35.58223883,1.55123327,37.43701823,2.385908763,1186.074628,-248486.4162
IGF2,Unkn-22,F11,56L,F,Animal,6,Week 4,29.00944198,28.97308743,0.03635455,0.080442112,916.6269957,2.962192644,942.6110781,56.69693192,30554.23319,-219118.2576
EEF2,Unkn-22,F12,56L,F,Animal,6,Week 4,26.68473723,26.62640451,0.05833272,0.069407552,7266.621984,3.861332568,7602.814296,404.4521018,242220.7328,
IGF1,Unkn-22,F12,56L,F,Animal,6,Week 4,33.20528253,33.30445966,0.09917713,0.088135366,40.12860907,1.603454107,37.43701823,2.385908763,1337.620302,-240883.1125
IGF2,Unkn-22,F12,56L,F,Animal,6,Week 4,29.02893511,28.97308743,0.05584768,0.080442112,903.563109,2.955958491,942.6110781,56.69693192,30118.7703,-212101.9625
EEF2,Unkn-10,B7,60L,M,Animal,6,Week 4,26.3627443,26.36017225,0.00257205,0.009419312,9492.710465,3.977390235,9549.282611,68.3861335,316423.6822,
IGF1,Unkn-10,B7,60L,M,Animal,6,Week 4,34.20181979,34.17859359,0.023226205,0.302875987,17.80249281,1.250480819,20.85728437,4.777225042,593.416427,-315830.2658
IGF2,Unkn-10,B7,60L,M,Animal,6,Week 4,30.23068349,30.29880708,0.06812359,0.077018701,369.3944989,2.567490424,357.1063155,19.91544097,12313.14996,-304110.5322
EEF2,Unkn-10,B8,60L,M,Animal,6,Week 4,26.3576002,26.36017225,0.00257205,0.009419312,9529.857495,3.979086406,9549.282611,68.3861335,317661.9165,
IGF1,Unkn-10,B8,60L,M,Animal,6,Week 4,34.15536738,34.17859359,0.023226205,0.302875987,18.40685845,1.264979673,20.85728437,4.777225042,613.5619483,-317048.3546
IGF2,Unkn-10,B8,60L,M,Animal,6,Week 4,30.36693067,30.29880708,0.06812359,0.077018701,334.128472,2.523913485,357.1063155,19.91544097,11137.61573,-306524.3008
EEF2,Unkn-19,C10,67L,F,Animal,6,Week 4,27.56319793,27.63446494,0.07126701,0.106614723,3729.329997,3.571630814,3540.480985,279.9069341,124310.9999,
IGF1,Unkn-19,C10,67L,F,Animal,6,Week 4,32.13934279,32.17114499,0.0318022,0.121412693,85.84998028,1.9337402,84.13181987,7.164950224,2861.666009,-121449.3339
IGF2,Unkn-19,C10,67L,F,Animal,6,Week 4,30.82289241,30.82391512,0.00102271,0.078486589,241.1170667,2.382227952,241.2038019,13.92722995,8037.235557,-116273.7643
EEF2,Unkn-19,C11,67L,F,Animal,6,Week 4,27.5831648,27.63446494,0.05130014,0.106614723,3673.212659,3.565046072,3540.480985,279.9069341,122440.422,
IGF1,Unkn-19,C11,67L,F,Animal,6,Week 4,32.30529374,32.17114499,0.13414875,0.121412693,76.26399832,1.88231957,84.13181987,7.164950224,2542.133277,-119898.2887
IGF2,Unkn-19,C11,67L,F,Animal,6,Week 4,30.90290806,30.82391512,0.07899294,0.078486589,227.320142,2.356637919,241.2038019,13.92722995,7577.338067,-114863.0839
EEF2,Unkn-19,C12,67L,F,Animal,6,Week 4,27.75703209,27.63446494,0.12256715,0.106614723,3218.9003,3.507707525,3540.480985,279.9069341,107296.6767,
IGF1,Unkn-19,C12,67L,F,Animal,6,Week 4,32.06879844,32.17114499,0.10234655,0.121412693,90.28148102,1.955598675,84.13181987,7.164950224,3009.382701,-104287.294
IGF2,Unkn-19,C12,67L,F,Animal,6,Week 4,30.74594488,30.82391512,0.07797024,0.078486589,255.1741968,2.406836756,241.2038019,13.92722995,8505.80656,-98790.87014
EEF2,Unkn-17,A10,01L,F,Animal,7,Week 8,26.41627607,26.50526303,0.08898696,0.077066665,8909.772248,3.949866603,8337.222495,495.852478,296992.4083,
IGF1,Unkn-17,A10,01L,F,Animal,7,Week 8,31.59835564,31.59952335,0.00116771,0.114842696,126.289556,2.101367437,126.4668079,10.34708853,4209.651867,-292782.7564
IGF2,Unkn-17,A10,01L,F,Animal,7,Week 8,31.36975325,31.47111857,0.10136532,0.089126222,161.1887935,2.207334844,149.8121721,9.987152417,5372.959783,-291619.4485
EEF2,Unkn-17,A11,01L,F,Animal,7,Week 8,26.55026767,26.50526303,0.04500464,0.077066665,8047.822665,3.905678398,8337.222495,495.852478,268260.7555,
IGF1,Unkn-17,A11,01L,F,Animal,7,Week 8,31.71494545,31.59952335,0.1154221,0.114842696,116.209484,2.065241573,126.4668079,10.34708853,3873.649467,-264387.106
IGF2,Unkn-17,A11,01L,F,Animal,7,Week 8,31.50639714,31.47111857,0.03527857,0.089126222,145.7586635,2.163634377,149.8121721,9.987152417,4858.622117,-263402.1334
EEF2,Unkn-17,A12,01L,F,Animal,7,Week 8,26.54924536,26.50526303,0.04398233,0.077066665,8054.072573,3.906015539,8337.222495,495.852478,268469.0858,
IGF1,Unkn-17,A12,01L,F,Animal,7,Week 8,31.48526896,31.59952335,0.11425439,0.114842696,136.9013836,2.136407837,126.4668079,10.34708853,4563.379453,-263905.7063
IGF2,Unkn-17,A12,01L,F,Animal,7,Week 8,31.53720534,31.47111857,0.06608677,0.089126222,142.4890593,2.153781519,149.8121721,9.987152417,4749.63531,-263719.4505
EEF2,Unkn-17,A10,02L,F,Animal,7,Week 8,27.02553307,26.81622291,0.20931016,0.19036997,5739.151936,3.758847722,6773.809286,952.0558028,191305.0645,
IGF1,Unkn-17,A10,02L,F,Animal,7,Week 8,32.67899858,32.50413799,0.17486059,0.256911061,53.18485326,1.725787965,61.01719837,11.76587064,1772.828442,-189532.2361
IGF2,Unkn-17,A10,02L,F,Animal,7,Week 8,31.34109411,31.18781636,0.15327775,0.133794845,163.0570576,2.212339601,183.1231278,17.5402662,5435.235253,-185869.8292
EEF2,Unkn-17,A11,02L,F,Animal,7,Week 8,26.65340713,26.81622291,0.16281578,0.19036997,7612.88845,3.881549466,6773.809286,952.0558028,253762.9483,
IGF1,Unkn-17,A11,02L,F,Animal,7,Week 8,32.20917186,32.50413799,0.29496613,0.256911061,74.54724058,1.872431572,61.01719837,11.76587064,2484.908019,-251278.0403
IGF2,Unkn-17,A11,02L,F,Animal,7,Week 8,31.0944291,31.18781636,0.09338726,0.133794845,195.5385061,2.291232293,183.1231278,17.5402662,6517.950203,-247244.9981
EEF2,Unkn-17,A12,02L,F,Animal,7,Week 8,26.76972852,26.81622291,0.04649439,0.19036997,6969.387472,3.84319461,6773.809286,952.0558028,232312.9157,
IGF1,Unkn-17,A12,02L,F,Animal,7,Week 8,32.62424355,32.50413799,0.12010556,0.256911061,55.31950129,1.742878256,61.01719837,11.76587064,1843.983376,-230468.9323
IGF2,Unkn-17,A12,02L,F,Animal,7,Week 8,31.12792586,31.18781636,0.0598905,0.133794845,190.7738196,2.280518775,183.1231278,17.5402662,6359.12732,-225953.7884
EEF2,Unkn-20,D10,03L,M,Animal,7,Week 8,27.7754263,27.80223069,0.02680439,0.071018363,3174.252152,3.501641423,3113.285969,165.6230711,105808.4051,
IGF1,Unkn-20,D10,03L,M,Animal,7,Week 8,32.29787167,32.34568451,0.04781284,0.139366522,76.66891778,1.884619333,74.33835323,7.214559262,2555.630593,-103252.7745
IGF2,Unkn-20,D10,03L,M,Animal,7,Week 8,31.68782623,31.80813955,0.12031332,0.127468288,127.5296087,2.105611027,117.058169,10.89619874,4250.986957,-101557.4181
EEF2,Unkn-20,D11,03L,M,Animal,7,Week 8,27.74851545,27.80223069,0.05371524,0.071018363,3239.784868,3.510516173,3113.285969,165.6230711,107992.8289,
IGF1,Unkn-20,D11,03L,M,Animal,7,Week 8,32.23651774,32.34568451,0.10916677,0.139366522,80.09955757,1.903630117,74.33835323,7.214559262,2669.985252,-105322.8436
IGF2,Unkn-20,D11,03L,M,Animal,7,Week 8,31.79486807,31.80813955,0.01327148,0.127468288,117.8630501,2.071377676,117.058169,10.89619874,3928.768337,-104064.0606
EEF2,Unkn-20,D12,03L,M,Animal,7,Week 8,27.88275033,27.80223069,0.08051964,0.071018363,2925.820888,3.466247736,3113.285969,165.6230711,97527.36293,
IGF1,Unkn-20,D12,03L,M,Animal,7,Week 8,32.50266414,32.34568451,0.15697963,0.139366522,66.24658432,1.821163491,74.33835323,7.214559262,2208.219477,-95319.14345
IGF2,Unkn-20,D12,03L,M,Animal,7,Week 8,31.94172436,31.80813955,0.13358481,0.127468288,105.7818482,2.024411151,117.058169,10.89619874,3526.061607,-94001.30132
EEF2,Unkn-12,D7,04L,M,Animal,7,Week 8,26.99125538,27.04124663,0.04999125,0.04627888,5890.472963,3.770150167,5673.430441,200.2582565,196349.0988,
IGF1,Unkn-12,D7,04L,M,Animal,7,Week 8,33.44701944,33.58044432,0.13342488,0.204552907,30.62465316,1.486071179,28.01970389,3.935896426,1020.821772,-195328.277
IGF2,Unkn-12,D7,04L,M,Animal,7,Week 8,31.33843204,31.4954968,0.15706476,0.136022159,163.3770423,2.21319103,146.027704,15.02497564,5445.90141,-190903.1974
EEF2,Unkn-12,D8,04L,M,Animal,7,Week 8,27.08259434,27.04124663,0.04134771,0.04627888,5495.823891,3.740032808,5673.430441,200.2582565,183194.1297,
IGF1,Unkn-12,D8,04L,M,Animal,7,Week 8,33.81594729,33.58044432,0.23550297,0.204552907,23.49202226,1.370920404,28.01970389,3.935896426,783.0674087,-182411.0623
IGF2,Unkn-12,D8,04L,M,Animal,7,Week 8,31.57387691,31.4954968,0.07838011,0.136022159,137.3684381,2.13788696,146.027704,15.02497564,4578.947937,-178615.1818
EEF2,Unkn-12,D9,04L,M,Animal,7,Week 8,27.04989016,27.04124663,0.00864353,0.04627888,5633.994469,3.750816416,5673.430441,200.2582565,187799.8156,
IGF1,Unkn-12,D9,04L,M,Animal,7,Week 8,33.47836623,33.58044432,0.10207809,0.204552907,29.94243624,1.476287133,28.01970389,3.935896426,998.081208,-186801.7344
IGF2,Unkn-12,D9,04L,M,Animal,7,Week 8,31.57418146,31.4954968,0.07868466,0.136022159,137.3376315,2.137789553,146.027704,15.02497564,4577.92105,-183221.8946
EEF2,Unkn-23,G10,08L,M,Animal,7,Week 8,26.58309489,26.62361863,0.040523735,0.063210792,7849.690372,3.894852527,7781.389591,370.830488,261656.3457,
IGF1,Unkn-23,G10,08L,M,Animal,7,Week 8,34.55547021,34.47421098,0.08125923,0.350757351,15.31413762,1.185092545,14.38534623,3.37323118,510.471254,-261145.8744
IGF2,Unkn-23,G10,08L,M,Animal,7,Week 8,32.13102493,32.04719622,0.08382871,0.091962528,92.01749408,1.963870402,99.6132969,6.615093868,3067.249803,-258589.0959
EEF2,Unkn-23,G11,08L,M,Animal,7,Week 8,26.66414236,26.62361863,0.040523735,0.063210792,7381.156555,3.868124417,7781.389591,370.830488,246038.5518,
IGF1,Unkn-23,G11,08L,M,Animal,7,Week 8,34.39295175,34.47421098,0.08125923,0.350757351,17.19687765,1.235449601,14.38534623,3.37323118,573.229255,-245465.3225
IGF2,Unkn-23,G11,08L,M,Animal,7,Week 8,31.96336751,32.04719622,0.08382871,0.091962528,104.1092682,2.017489394,99.6132969,6.615093868,3470.30894,-242568.2429
EEF2,Unkn-07,G4,11L,F,Animal,7,Week 8,26.24007989,26.12781015,0.11226974,0.483552789,10419.25311,4.017836588,9629.312791,3195.641511,347308.437,
IGF1,Unkn-07,G4,11L,F,Animal,7,Week 8,34.19630688,33.97961109,0.21669579,0.265510605,17.87316744,1.252201524,19.84400701,3.961755081,595.772248,-346712.6648
IGF2,Unkn-07,G4,11L,F,Animal,7,Week 8,30.86787521,30.82011589,0.04775932,0.479883307,231.0429353,2.363692693,203.024665,63.6702726,7701.431177,-339607.0058
EEF2,Unkn-07,G6,11L,F,Animal,7,Week 8,26.01554041,26.12781015,0.11226974,0.483552789,12355.9,4.091874385,9629.312791,3195.641511,411863.3333,
IGF1,Unkn-07,G6,11L,F,Animal,7,Week 8,33.7629153,33.97961109,0.21669579,0.265510605,24.4046676,1.387472897,19.84400701,3.961755081,813.48892,-411049.8444
IGF2,Unkn-07,G6,11L,F,Animal,7,Week 8,30.77235657,30.82011589,0.04775932,0.479883307,247.8809358,2.394243127,203.024665,63.6702726,8262.69786,-403600.6354
EEF2,Unkn-14,F7,24L,F,Animal,7,Week 8,26.6219452,26.62265764,0.00071244,0.008565997,7796.926921,3.891923464,7792.820463,50.66076304,259897.564,
IGF1,Unkn-14,F7,24L,F,Animal,7,Week 8,31.25951426,31.26027971,0.00076545,0.027030787,147.5167432,2.168841316,147.454156,2.863236643,4917.224773,-254980.3392
IGF2,Unkn-14,F7,24L,F,Animal,7,Week 8,31.33950272,31.23349216,0.10601056,0.162546026,163.2482702,2.212848588,177.3671068,21.89235572,5441.609007,-254455.955
EEF2,Unkn-14,F8,24L,F,Animal,7,Week 8,26.61447011,26.62265764,0.00818753,0.008565997,7841.303019,3.894388237,7792.820463,50.66076304,261376.7673,
IGF1,Unkn-14,F8,24L,F,Animal,7,Week 8,31.23363978,31.26027971,0.02663993,0.027030787,150.285586,2.176917329,147.454156,2.863236643,5009.519533,-256367.2478
IGF2,Unkn-14,F8,24L,F,Animal,7,Week 8,31.04635064,31.23349216,0.18714152,0.162546026,202.5860702,2.30660958,177.3671068,21.89235572,6752.869007,-254623.8983
EEF2,Unkn-14,F9,24L,F,Animal,7,Week 8,26.63155761,26.62265764,0.00889997,0.008565997,7740.231448,3.888753947,7792.820463,50.66076304,258007.7149,
IGF1,Unkn-14,F9,24L,F,Animal,7,Week 8,31.2876851,31.26027971,0.02740539,0.027030787,144.5601389,2.160048557,147.454156,2.863236643,4818.671297,-253189.0436
IGF2,Unkn-14,F9,24L,F,Animal,7,Week 8,31.31462313,31.23349216,0.08113097,0.162546026,166.26698,2.220806009,177.3671068,21.89235572,5542.232667,-252465.4822
EEF2,Unkn-02,B4,33L,M,Animal,7,Week 8,26.35571627,26.49648514,0.14076887,0.140197767,9329.067167,3.96983822,8415.014525,895.176989,310968.9056,
IGF1,Unkn-02,B4,33L,M,Animal,7,Week 8,34.37319205,34.50844576,0.13525371,0.117794622,17.44103407,1.24157223,15.87452911,1.363256408,581.3678023,-310387.5378
IGF2,Unkn-02,B4,33L,M,Animal,7,Week 8,31.71382038,31.87202905,0.15820867,0.140463144,125.1116544,2.097297767,111.7563616,11.81115858,4170.38848,-306798.5171
EEF2,Unkn-02,B5,33L,M,Animal,7,Week 8,26.63610474,26.49648514,0.1396196,0.140197767,7539.989798,3.877370758,8415.014525,895.176989,251332.9933,
IGF1,Unkn-02,B5,33L,M,Animal,7,Week 8,34.56360666,34.50844576,0.0551609,0.117794622,15.22549542,1.182571433,15.87452911,1.363256408,507.516514,-250825.4768
IGF2,Unkn-02,B5,33L,M,Animal,7,Week 8,31.98207537,31.87202905,0.11004632,0.140463144,102.6848517,2.01150638,111.7563616,11.81115858,3422.82839,-247910.1649
EEF2,Unkn-02,B6,33L,M,Animal,7,Week 8,26.49763441,26.49648514,0.00114927,0.140197767,8375.98661,3.923035974,8415.014525,895.176989,279199.5537,
IGF1,Unkn-02,B6,33L,M,Animal,7,Week 8,34.58853856,34.50844576,0.0800928,0.117794622,14.95705784,1.174846173,15.87452911,1.363256408,498.5685947,-278700.9851
IGF2,Unkn-02,B6,33L,M,Animal,7,Week 8,31.9201914,31.87202905,0.04816235,0.140463144,107.4725787,2.03129767,111.7563616,11.81115858,3582.41929,-275617.1344
