,Well,Fluor,Target,Content,Sample,Melt Temperature,Peak Height,Begin Temperature,End Temperature,Well Note
,A01,Cy5,,Std-01,,None,None,None,None,
,A02,Cy5,,Std-01,,None,None,None,None,
,A03,Cy5,,Std-01,,None,None,None,None,
,A04,Cy5,,Unkn-01,,None,None,None,None,
,A05,Cy5,,Unkn-01,,None,None,None,None,
,A06,Cy5,,Unkn-01,,None,None,None,None,
,A07,Cy5,,Unkn-09,,None,None,None,None,
,A08,Cy5,,Unkn-09,,None,None,None,None,
,A09,Cy5,,Unkn-09,,None,None,None,None,
,A10,Cy5,,Unkn-17,,None,None,None,None,
,A11,Cy5,,Unkn-17,,94.5,453.136827185482,88,95,
,A12,Cy5,,Unkn-17,,None,None,None,None,
,B01,Cy5,,Std-02,,None,None,None,None,
,B02,Cy5,,Std-02,,None,None,None,None,
,B03,Cy5,,Std-02,,None,None,None,None,
,B04,Cy5,,Unkn-02,,None,None,None,None,
,B05,Cy5,,Unkn-02,,None,None,None,None,
,B06,Cy5,,Unkn-02,,None,None,None,None,
,B07,Cy5,,Unkn-10,,None,None,None,None,
,B08,Cy5,,Unkn-10,,None,None,None,None,
,B09,Cy5,,Unkn-10,,None,None,None,None,
,B10,Cy5,,Unkn-18,,None,None,None,None,
,B11,Cy5,,Unkn-18,,None,None,None,None,
,B12,Cy5,,Unkn-18,,None,None,None,None,
,C01,Cy5,,Std-03,,None,None,None,None,
,C02,Cy5,,Std-03,,None,None,None,None,
,C03,Cy5,,Std-03,,None,None,None,None,
,C04,Cy5,,Unkn-03,,None,None,None,None,
,C05,Cy5,,Unkn-03,,None,None,None,None,
,C06,Cy5,,Unkn-03,,None,None,None,None,
,C07,Cy5,,Unkn-11,,None,None,None,None,
,C08,Cy5,,Unkn-11,,None,None,None,None,
,C09,Cy5,,Unkn-11,,None,None,None,None,
,C10,Cy5,,Unkn-19,,None,None,None,None,
,C11,Cy5,,Unkn-19,,None,None,None,None,
,C12,Cy5,,Unkn-19,,None,None,None,None,
,D01,Cy5,,Std-04,,None,None,None,None,
,D02,Cy5,,Std-04,,None,None,None,None,
,D03,Cy5,,Std-04,,None,None,None,None,
,D04,Cy5,,Unkn-04,,None,None,None,None,
,D05,Cy5,,Unkn-04,,None,None,None,None,
,D06,Cy5,,Unkn-04,,None,None,None,None,
,D07,Cy5,,Unkn-12,,None,None,None,None,
,D08,Cy5,,Unkn-12,,None,None,None,None,
,D09,Cy5,,Unkn-12,,None,None,None,None,
,D10,Cy5,,Unkn-20,,None,None,None,None,
,D11,Cy5,,Unkn-20,,None,None,None,None,
,D12,Cy5,,Unkn-20,,None,None,None,None,
,E01,Cy5,,Std-05,,None,None,None,None,
,E02,Cy5,,Std-05,,None,None,None,None,
,E03,Cy5,,Std-05,,None,None,None,None,
,E04,Cy5,,Unkn-05,,None,None,None,None,
,E05,Cy5,,Unkn-05,,None,None,None,None,
,E06,Cy5,,Unkn-05,,None,None,None,None,
,E07,Cy5,,Unkn-13,,None,None,None,None,
,E08,Cy5,,Unkn-13,,None,None,None,None,
,E09,Cy5,,Unkn-13,,None,None,None,None,
,E10,Cy5,,Unkn-21,,None,None,None,None,
,E11,Cy5,,Unkn-21,,None,None,None,None,
,E12,Cy5,,Unkn-21,,None,None,None,None,
,F01,Cy5,,Std-06,,None,None,None,None,
,F02,Cy5,,Std-06,,None,None,None,None,
,F03,Cy5,,Std-06,,None,None,None,None,
,F04,Cy5,,Unkn-06,,None,None,None,None,
,F05,Cy5,,Unkn-06,,None,None,None,None,
,F06,Cy5,,Unkn-06,,None,None,None,None,
,F07,Cy5,,Unkn-14,,None,None,None,None,
,F08,Cy5,,Unkn-14,,None,None,None,None,
,F09,Cy5,,Unkn-14,,None,None,None,None,
,F10,Cy5,,Unkn-22,,None,None,None,None,
,F11,Cy5,,Unkn-22,,None,None,None,None,
,F12,Cy5,,Unkn-22,,None,None,None,None,
,G01,Cy5,,Std-07,,None,None,None,None,
,G02,Cy5,,Std-07,,None,None,None,None,
,G03,Cy5,,Std-07,,None,None,None,None,
,G04,Cy5,,Unkn-07,,None,None,None,None,
,G05,Cy5,,Unkn-07,,None,None,None,None,
,G06,Cy5,,Unkn-07,,None,None,None,None,
,G07,Cy5,,Unkn-15,,None,None,None,None,
,G08,Cy5,,Unkn-15,,None,None,None,None,
,G09,Cy5,,Unkn-15,,None,None,None,None,
,G10,Cy5,,Unkn-23,,None,None,None,None,
,G11,Cy5,,Unkn-23,,None,None,None,None,
,G12,Cy5,,Unkn-23,,None,None,None,None,
,H01,Cy5,,NTC-03,,None,None,None,None,
,H02,Cy5,,NTC-03,,None,None,None,None,
,H03,Cy5,,NTC-03,,None,None,None,None,
,H04,Cy5,,Unkn-08,,None,None,None,None,
,H05,Cy5,,Unkn-08,,None,None,None,None,
,H06,Cy5,,Unkn-08,,None,None,None,None,
,H07,Cy5,,Unkn-16,,None,None,None,None,
,H08,Cy5,,Unkn-16,,None,None,None,None,
,H09,Cy5,,Unkn-16,,None,None,None,None,
,H10,Cy5,,Unkn-24,,None,None,None,None,
,H11,Cy5,,Unkn-24,,None,None,None,None,
,H12,Cy5,,Unkn-24,,None,None,None,None,
,A01,FAM,,Std-01,,None,None,None,None,
,A02,FAM,,Std-01,,None,None,None,None,
,A03,FAM,,Std-01,,None,None,None,None,
,A04,FAM,,Unkn-01,,None,None,None,None,
,A05,FAM,,Unkn-01,,None,None,None,None,
,A06,FAM,,Unkn-01,,None,None,None,None,
,A07,FAM,,Unkn-09,,None,None,None,None,
,A08,FAM,,Unkn-09,,None,None,None,None,
,A09,FAM,,Unkn-09,,None,None,None,None,
,A10,FAM,,Unkn-17,,None,None,None,None,
,A11,FAM,,Unkn-17,,94.5,1219.11920592798,84.5,95,
,A12,FAM,,Unkn-17,,93,879.114369450055,83.5,95,
,B01,FAM,,Std-02,,None,None,None,None,
,B02,FAM,,Std-02,,None,None,None,None,
,B03,FAM,,Std-02,,None,None,None,None,
,B04,FAM,,Unkn-02,,None,None,None,None,
,B05,FAM,,Unkn-02,,None,None,None,None,
,B06,FAM,,Unkn-02,,None,None,None,None,
,B07,FAM,,Unkn-10,,None,None,None,None,
,B08,FAM,,Unkn-10,,None,None,None,None,
,B09,FAM,,Unkn-10,,None,None,None,None,
,B10,FAM,,Unkn-18,,None,None,None,None,
,B11,FAM,,Unkn-18,,None,None,None,None,
,B12,FAM,,Unkn-18,,None,None,None,None,
,C01,FAM,,Std-03,,None,None,None,None,
,C02,FAM,,Std-03,,None,None,None,None,
,C03,FAM,,Std-03,,None,None,None,None,
,C04,FAM,,Unkn-03,,None,None,None,None,
,C05,FAM,,Unkn-03,,None,None,None,None,
,C06,FAM,,Unkn-03,,None,None,None,None,
,C07,FAM,,Unkn-11,,None,None,None,None,
,C08,FAM,,Unkn-11,,None,None,None,None,
,C09,FAM,,Unkn-11,,None,None,None,None,
,C10,FAM,,Unkn-19,,None,None,None,None,
,C11,FAM,,Unkn-19,,None,None,None,None,
,C12,FAM,,Unkn-19,,None,None,None,None,
,D01,FAM,,Std-04,,None,None,None,None,
,D02,FAM,,Std-04,,None,None,None,None,
,D03,FAM,,Std-04,,None,None,None,None,
,D04,FAM,,Unkn-04,,None,None,None,None,
,D05,FAM,,Unkn-04,,None,None,None,None,
,D06,FAM,,Unkn-04,,None,None,None,None,
,D07,FAM,,Unkn-12,,None,None,None,None,
,D08,FAM,,Unkn-12,,None,None,None,None,
,D09,FAM,,Unkn-12,,None,None,None,None,
,D10,FAM,,Unkn-20,,None,None,None,None,
,D11,FAM,,Unkn-20,,None,None,None,None,
,D12,FAM,,Unkn-20,,None,None,None,None,
,E01,FAM,,Std-05,,None,None,None,None,
,E02,FAM,,Std-05,,None,None,None,None,
,E03,FAM,,Std-05,,None,None,None,None,
,E04,FAM,,Unkn-05,,None,None,None,None,
,E05,FAM,,Unkn-05,,None,None,None,None,
,E06,FAM,,Unkn-05,,None,None,None,None,
,E07,FAM,,Unkn-13,,None,None,None,None,
,E08,FAM,,Unkn-13,,None,None,None,None,
,E09,FAM,,Unkn-13,,None,None,None,None,
,E10,FAM,,Unkn-21,,None,None,None,None,
,E11,FAM,,Unkn-21,,None,None,None,None,
,E12,FAM,,Unkn-21,,None,None,None,None,
,F01,FAM,,Std-06,,None,None,None,None,
,F02,FAM,,Std-06,,None,None,None,None,
,F03,FAM,,Std-06,,None,None,None,None,
,F04,FAM,,Unkn-06,,None,None,None,None,
,F05,FAM,,Unkn-06,,None,None,None,None,
,F06,FAM,,Unkn-06,,None,None,None,None,
,F07,FAM,,Unkn-14,,None,None,None,None,
,F08,FAM,,Unkn-14,,None,None,None,None,
,F09,FAM,,Unkn-14,,None,None,None,None,
,F10,FAM,,Unkn-22,,None,None,None,None,
,F11,FAM,,Unkn-22,,None,None,None,None,
,F12,FAM,,Unkn-22,,None,None,None,None,
,G01,FAM,,Std-07,,None,None,None,None,
,G02,FAM,,Std-07,,None,None,None,None,
,G03,FAM,,Std-07,,None,None,None,None,
,G04,FAM,,Unkn-07,,None,None,None,None,
,G05,FAM,,Unkn-07,,None,None,None,None,
,G06,FAM,,Unkn-07,,None,None,None,None,
,G07,FAM,,Unkn-15,,None,None,None,None,
,G08,FAM,,Unkn-15,,None,None,None,None,
,G09,FAM,,Unkn-15,,None,None,None,None,
,G10,FAM,,Unkn-23,,None,None,None,None,
,G11,FAM,,Unkn-23,,None,None,None,None,
,G12,FAM,,Unkn-23,,None,None,None,None,
,H01,FAM,,NTC-03,,None,None,None,None,
,H02,FAM,,NTC-03,,None,None,None,None,
,H03,FAM,,NTC-03,,None,None,None,None,
,H04,FAM,,Unkn-08,,None,None,None,None,
,H05,FAM,,Unkn-08,,None,None,None,None,
,H06,FAM,,Unkn-08,,None,None,None,None,
,H07,FAM,,Unkn-16,,None,None,None,None,
,H08,FAM,,Unkn-16,,None,None,None,None,
,H09,FAM,,Unkn-16,,None,None,None,None,
,H10,FAM,,Unkn-24,,None,None,None,None,
,H11,FAM,,Unkn-24,,None,None,None,None,
,H12,FAM,,Unkn-24,,None,None,None,None,
,A01,HEX,,Std-01,,None,None,None,None,
,A02,HEX,,Std-01,,None,None,None,None,
,A03,HEX,,Std-01,,None,None,None,None,
,A04,HEX,,Unkn-01,,None,None,None,None,
,A05,HEX,,Unkn-01,,None,None,None,None,
,A06,HEX,,Unkn-01,,None,None,None,None,
,A07,HEX,,Unkn-09,,None,None,None,None,
,A08,HEX,,Unkn-09,,None,None,None,None,
,A09,HEX,,Unkn-09,,None,None,None,None,
,A10,HEX,,Unkn-17,,None,None,None,None,
,A11,HEX,,Unkn-17,,94.5,674.946628307536,86.5,95,
,A12,HEX,,Unkn-17,,93,506.980834388313,86.5,95,
,B01,HEX,,Std-02,,None,None,None,None,
,B02,HEX,,Std-02,,None,None,None,None,
,B03,HEX,,Std-02,,None,None,None,None,
,B04,HEX,,Unkn-02,,None,None,None,None,
,B05,HEX,,Unkn-02,,None,None,None,None,
,B06,HEX,,Unkn-02,,None,None,None,None,
,B07,HEX,,Unkn-10,,None,None,None,None,
,B08,HEX,,Unkn-10,,None,None,None,None,
,B09,HEX,,Unkn-10,,None,None,None,None,
,B10,HEX,,Unkn-18,,None,None,None,None,
,B11,HEX,,Unkn-18,,None,None,None,None,
,B12,HEX,,Unkn-18,,None,None,None,None,
,C01,HEX,,Std-03,,None,None,None,None,
,C02,HEX,,Std-03,,None,None,None,None,
,C03,HEX,,Std-03,,None,None,None,None,
,C04,HEX,,Unkn-03,,None,None,None,None,
,C05,HEX,,Unkn-03,,None,None,None,None,
,C06,HEX,,Unkn-03,,None,None,None,None,
,C07,HEX,,Unkn-11,,None,None,None,None,
,C08,HEX,,Unkn-11,,None,None,None,None,
,C09,HEX,,Unkn-11,,None,None,None,None,
,C10,HEX,,Unkn-19,,None,None,None,None,
,C11,HEX,,Unkn-19,,None,None,None,None,
,C12,HEX,,Unkn-19,,None,None,None,None,
,D01,HEX,,Std-04,,None,None,None,None,
,D02,HEX,,Std-04,,None,None,None,None,
,D03,HEX,,Std-04,,None,None,None,None,
,D04,HEX,,Unkn-04,,None,None,None,None,
,D05,HEX,,Unkn-04,,None,None,None,None,
,D06,HEX,,Unkn-04,,None,None,None,None,
,D07,HEX,,Unkn-12,,None,None,None,None,
,D08,HEX,,Unkn-12,,None,None,None,None,
,D09,HEX,,Unkn-12,,None,None,None,None,
,D10,HEX,,Unkn-20,,None,None,None,None,
,D11,HEX,,Unkn-20,,None,None,None,None,
,D12,HEX,,Unkn-20,,None,None,None,None,
,E01,HEX,,Std-05,,None,None,None,None,
,E02,HEX,,Std-05,,None,None,None,None,
,E03,HEX,,Std-05,,None,None,None,None,
,E04,HEX,,Unkn-05,,None,None,None,None,
,E05,HEX,,Unkn-05,,None,None,None,None,
,E06,HEX,,Unkn-05,,None,None,None,None,
,E07,HEX,,Unkn-13,,None,None,None,None,
,E08,HEX,,Unkn-13,,None,None,None,None,
,E09,HEX,,Unkn-13,,None,None,None,None,
,E10,HEX,,Unkn-21,,None,None,None,None,
,E11,HEX,,Unkn-21,,None,None,None,None,
,E12,HEX,,Unkn-21,,None,None,None,None,
,F01,HEX,,Std-06,,None,None,None,None,
,F02,HEX,,Std-06,,None,None,None,None,
,F03,HEX,,Std-06,,None,None,None,None,
,F04,HEX,,Unkn-06,,None,None,None,None,
,F05,HEX,,Unkn-06,,None,None,None,None,
,F06,HEX,,Unkn-06,,None,None,None,None,
,F07,HEX,,Unkn-14,,None,None,None,None,
,F08,HEX,,Unkn-14,,None,None,None,None,
,F09,HEX,,Unkn-14,,None,None,None,None,
,F10,HEX,,Unkn-22,,None,None,None,None,
,F11,HEX,,Unkn-22,,None,None,None,None,
,F12,HEX,,Unkn-22,,None,None,None,None,
,G01,HEX,,Std-07,,None,None,None,None,
,G02,HEX,,Std-07,,None,None,None,None,
,G03,HEX,,Std-07,,None,None,None,None,
,G04,HEX,,Unkn-07,,None,None,None,None,
,G05,HEX,,Unkn-07,,None,None,None,None,
,G06,HEX,,Unkn-07,,None,None,None,None,
,G07,HEX,,Unkn-15,,None,None,None,None,
,G08,HEX,,Unkn-15,,None,None,None,None,
,G09,HEX,,Unkn-15,,None,None,None,None,
,G10,HEX,,Unkn-23,,None,None,None,None,
,G11,HEX,,Unkn-23,,None,None,None,None,
,G12,HEX,,Unkn-23,,None,None,None,None,
,H01,HEX,,NTC-03,,None,None,None,None,
,H02,HEX,,NTC-03,,None,None,None,None,
,H03,HEX,,NTC-03,,None,None,None,None,
,H04,HEX,,Unkn-08,,None,None,None,None,
,H05,HEX,,Unkn-08,,None,None,None,None,
,H06,HEX,,Unkn-08,,None,None,None,None,
,H07,HEX,,Unkn-16,,None,None,None,None,
,H08,HEX,,Unkn-16,,None,None,None,None,
,H09,HEX,,Unkn-16,,None,None,None,None,
,H10,HEX,,Unkn-24,,None,None,None,None,
,H11,HEX,,Unkn-24,,None,None,None,None,
,H12,HEX,,Unkn-24,,None,None,None,None,
