,Well,Fluor,Target,Content,Sample,End RFU,Call,Sample Type,CallType,Is Control
,A01,Cy5,,Std-01,,7723.6506287925,,Standard,Unassigned,False
,A02,Cy5,,Std-01,,7897.81221599217,,Standard,Unassigned,False
,A03,Cy5,,Std-01,,7910.78719155432,,Standard,Unassigned,False
,A04,Cy5,,Unkn-01,,8254.33774515967,,Unknown,Unassigned,False
,A05,Cy5,,Unkn-01,,8061.8006072908,,Unknown,Unassigned,False
,A06,Cy5,,Unkn-01,,7614.67777733732,,Unknown,Unassigned,False
,A07,Cy5,,Unkn-09,,7841.76967323181,,Unknown,Unassigned,False
,A08,Cy5,,Unkn-09,,7955.23427782224,,Unknown,Unassigned,False
,A09,Cy5,,Unkn-09,,8497.10249330605,,Unknown,Unassigned,False
,A10,Cy5,,Unkn-17,,7683.1652383949,,Unknown,Unassigned,False
,A11,Cy5,,Unkn-17,,7438.44132043517,,Unknown,Unassigned,False
,A12,Cy5,,Unkn-17,,7651.34250626449,,Unknown,Unassigned,False
,B01,Cy5,,Std-02,,7684.34300980598,,Standard,Unassigned,False
,B02,Cy5,,Std-02,,7844.82813139268,,Standard,Unassigned,False
,B03,Cy5,,Std-02,,7938.96102001774,,Standard,Unassigned,False
,B04,Cy5,,Unkn-02,,7618.80460301114,,Unknown,Unassigned,False
,B05,Cy5,,Unkn-02,,7238.14073157416,,Unknown,Unassigned,False
,B06,Cy5,,Unkn-02,,7685.12285227408,,Unknown,Unassigned,False
,B07,Cy5,,Unkn-10,,7522.77139509454,,Unknown,Unassigned,False
,B08,Cy5,,Unkn-10,,7641.43558007602,,Unknown,Unassigned,False
,B09,Cy5,,Unkn-10,,7824.97833156461,,Unknown,Unassigned,False
,B10,Cy5,,Unkn-18,,7947.55655232932,,Unknown,Unassigned,False
,B11,Cy5,,Unkn-18,,7434.26593386481,,Unknown,Unassigned,False
,B12,Cy5,,Unkn-18,,7909.11835790285,,Unknown,Unassigned,False
,C01,Cy5,,Std-03,,8017.99045438925,,Standard,Unassigned,False
,C02,Cy5,,Std-03,,8058.09137284884,,Standard,Unassigned,False
,C03,Cy5,,Std-03,,8237.46575666203,,Standard,Unassigned,False
,C04,Cy5,,Unkn-03,,8270.32428589253,,Unknown,Unassigned,False
,C05,Cy5,,Unkn-03,,8234.65130681569,,Unknown,Unassigned,False
,C06,Cy5,,Unkn-03,,8295.56704438117,,Unknown,Unassigned,False
,C07,Cy5,,Unkn-11,,7622.34689816622,,Unknown,Unassigned,False
,C08,Cy5,,Unkn-11,,7661.97301184648,,Unknown,Unassigned,False
,C09,Cy5,,Unkn-11,,7952.82203223137,,Unknown,Unassigned,False
,C10,Cy5,,Unkn-19,,8320.72967614051,,Unknown,Unassigned,False
,C11,Cy5,,Unkn-19,,7934.87456526779,,Unknown,Unassigned,False
,C12,Cy5,,Unkn-19,,7678.38195737048,,Unknown,Unassigned,False
,D01,Cy5,,Std-04,,7929.24788038516,,Standard,Unassigned,False
,D02,Cy5,,Std-04,,7917.57090152012,,Standard,Unassigned,False
,D03,Cy5,,Std-04,,8196.72940801735,,Standard,Unassigned,False
,D04,Cy5,,Unkn-04,,7844.79597766635,,Unknown,Unassigned,False
,D05,Cy5,,Unkn-04,,7922.96967885581,,Unknown,Unassigned,False
,D06,Cy5,,Unkn-04,,8060.66779215021,,Unknown,Unassigned,False
,D07,Cy5,,Unkn-12,,7884.84851289924,,Unknown,Unassigned,False
,D08,Cy5,,Unkn-12,,7809.2334801534,,Unknown,Unassigned,False
,D09,Cy5,,Unkn-12,,7822.53067375174,,Unknown,Unassigned,False
,D10,Cy5,,Unkn-20,,7875.40404460757,,Unknown,Unassigned,False
,D11,Cy5,,Unkn-20,,8045.52719178773,,Unknown,Unassigned,False
,D12,Cy5,,Unkn-20,,6863.10804339971,,Unknown,Unassigned,False
,E01,Cy5,,Std-05,,7999.64277387773,,Standard,Unassigned,False
,E02,Cy5,,Std-05,,8204.78265991156,,Standard,Unassigned,False
,E03,Cy5,,Std-05,,8560.65271937024,,Standard,Unassigned,False
,E04,Cy5,,Unkn-05,,8392.62622232286,,Unknown,Unassigned,False
,E05,Cy5,,Unkn-05,,8375.71645627103,,Unknown,Unassigned,False
,E06,Cy5,,Unkn-05,,8294.65591443882,,Unknown,Unassigned,False
,E07,Cy5,,Unkn-13,,7666.24335045581,,Unknown,Unassigned,False
,E08,Cy5,,Unkn-13,,7626.81760827702,,Unknown,Unassigned,False
,E09,Cy5,,Unkn-13,,8451.45296052644,,Unknown,Unassigned,False
,E10,Cy5,,Unkn-21,,0.547298916555974,,Unknown,Unassigned,False
,E11,Cy5,,Unkn-21,,-0.854030302531373,,Unknown,Unassigned,False
,E12,Cy5,,Unkn-21,,0.388255307820509,,Unknown,Unassigned,False
,F01,Cy5,,Std-06,,7706.31126780711,,Standard,Unassigned,False
,F02,Cy5,,Std-06,,7632.75796170333,,Standard,Unassigned,False
,F03,Cy5,,Std-06,,7784.11982541286,,Standard,Unassigned,False
,F04,Cy5,,Unkn-06,,8019.90003109846,,Unknown,Unassigned,False
,F05,Cy5,,Unkn-06,,7969.48296970837,,Unknown,Unassigned,False
,F06,Cy5,,Unkn-06,,7905.91828184206,,Unknown,Unassigned,False
,F07,Cy5,,Unkn-14,,7814.44187261213,,Unknown,Unassigned,False
,F08,Cy5,,Unkn-14,,8011.31703749114,,Unknown,Unassigned,False
,F09,Cy5,,Unkn-14,,7829.96292033671,,Unknown,Unassigned,False
,F10,Cy5,,Unkn-22,,-0.451842388325531,,Unknown,Unassigned,False
,F11,Cy5,,Unkn-22,,1.853422839423,,Unknown,Unassigned,False
,F12,Cy5,,Unkn-22,,0.139400867573386,,Unknown,Unassigned,False
,G01,Cy5,,Std-07,,7643.8350852694,,Standard,Unassigned,False
,G02,Cy5,,Std-07,,6648.37816913553,,Standard,Unassigned,False
,G03,Cy5,,Std-07,,7949.43058403094,,Standard,Unassigned,False
,G04,Cy5,,Unkn-07,,7994.32633212409,,Unknown,Unassigned,False
,G05,Cy5,,Unkn-07,,8190.2332715346,,Unknown,Unassigned,False
,G06,Cy5,,Unkn-07,,8124.17022846123,,Unknown,Unassigned,False
,G07,Cy5,,Unkn-15,,7991.37111106813,,Unknown,Unassigned,False
,G08,Cy5,,Unkn-15,,8036.90794622827,,Unknown,Unassigned,False
,G09,Cy5,,Unkn-15,,8050.91189480784,,Unknown,Unassigned,False
,G10,Cy5,,Unkn-23,,0.729230746411668,,Unknown,Unassigned,False
,G11,Cy5,,Unkn-23,,-0.745515708946914,,Unknown,Unassigned,False
,G12,Cy5,,Unkn-23,,-1.53655179726302,,Unknown,Unassigned,False
,H01,Cy5,,NTC-03,,7226.98390596538,,NTC,Unassigned,False
,H02,Cy5,,NTC-03,,2436.00126428716,,NTC,Unassigned,False
,H03,Cy5,,NTC-03,,7292.94734030591,,NTC,Unassigned,False
,H04,Cy5,,Unkn-08,,8066.71855740081,,Unknown,Unassigned,False
,H05,Cy5,,Unkn-08,,7982.45825344673,,Unknown,Unassigned,False
,H06,Cy5,,Unkn-08,,6228.51692888817,,Unknown,Unassigned,False
,H07,Cy5,,Unkn-16,,7646.80628264883,,Unknown,Unassigned,False
,H08,Cy5,,Unkn-16,,7927.28498330173,,Unknown,Unassigned,False
,H09,Cy5,,Unkn-16,,8359.80997630667,,Unknown,Unassigned,False
,H10,Cy5,,Unkn-24,,0.866251542748159,,Unknown,Unassigned,False
,H11,Cy5,,Unkn-24,,-0.239061894154202,,Unknown,Unassigned,False
,H12,Cy5,,Unkn-24,,0.932788851636906,,Unknown,Unassigned,False
