,Well,Fluor,Target,Content,Sample,End RFU,Call,Sample Type,CallType,Is Control
,A01,FAM,,Std-01,,13531.4885054109,,Standard,Unassigned,False
,A02,FAM,,Std-01,,13565.5536396986,,Standard,Unassigned,False
,A03,FAM,,Std-01,,13988.0711183856,,Standard,Unassigned,False
,A04,FAM,,Unkn-01,,13890.4482327717,,Unknown,Unassigned,False
,A05,FAM,,Unkn-01,,13735.5813303283,,Unknown,Unassigned,False
,A06,FAM,,Unkn-01,,12495.7381103461,,Unknown,Unassigned,False
,A07,FAM,,Unkn-09,,13303.0153653458,,Unknown,Unassigned,False
,A08,FAM,,Unkn-09,,13587.1974381341,,Unknown,Unassigned,False
,A09,FAM,,Unkn-09,,14607.6736668577,,Unknown,Unassigned,False
,A10,FAM,,Unkn-17,,12077.9355976267,,Unknown,Unassigned,False
,A11,FAM,,Unkn-17,,12383.5507574299,,Unknown,Unassigned,False
,A12,FAM,,Unkn-17,,12636.7737960782,,Unknown,Unassigned,False
,B01,FAM,,Std-02,,13264.8246070644,,Standard,Unassigned,False
,B02,FAM,,Std-02,,13673.5912146739,,Standard,Unassigned,False
,B03,FAM,,Std-02,,13852.8157168065,,Standard,Unassigned,False
,B04,FAM,,Unkn-02,,13447.4451488124,,Unknown,Unassigned,False
,B05,FAM,,Unkn-02,,12242.9109327684,,Unknown,Unassigned,False
,B06,FAM,,Unkn-02,,12100.3519219588,,Unknown,Unassigned,False
,B07,FAM,,Unkn-10,,11722.0585622033,,Unknown,Unassigned,False
,B08,FAM,,Unkn-10,,12041.1181147829,,Unknown,Unassigned,False
,B09,FAM,,Unkn-10,,12257.7049053923,,Unknown,Unassigned,False
,B10,FAM,,Unkn-18,,12581.7896814159,,Unknown,Unassigned,False
,B11,FAM,,Unkn-18,,12110.1446401503,,Unknown,Unassigned,False
,B12,FAM,,Unkn-18,,12551.0629440068,,Unknown,Unassigned,False
,C01,FAM,,Std-03,,13480.051402398,,Standard,Unassigned,False
,C02,FAM,,Std-03,,13418.5825393463,,Standard,Unassigned,False
,C03,FAM,,Std-03,,13870.2943908164,,Standard,Unassigned,False
,C04,FAM,,Unkn-03,,13524.8554702306,,Unknown,Unassigned,False
,C05,FAM,,Unkn-03,,12431.5894697369,,Unknown,Unassigned,False
,C06,FAM,,Unkn-03,,11727.0379421792,,Unknown,Unassigned,False
,C07,FAM,,Unkn-11,,11250.1360596382,,Unknown,Unassigned,False
,C08,FAM,,Unkn-11,,11523.3297999989,,Unknown,Unassigned,False
,C09,FAM,,Unkn-11,,11633.7365284085,,Unknown,Unassigned,False
,C10,FAM,,Unkn-19,,12253.5950022012,,Unknown,Unassigned,False
,C11,FAM,,Unkn-19,,11147.7893981503,,Unknown,Unassigned,False
,C12,FAM,,Unkn-19,,11842.4630286851,,Unknown,Unassigned,False
,D01,FAM,,Std-04,,13670.9806732489,,Standard,Unassigned,False
,D02,FAM,,Std-04,,13646.8159492794,,Standard,Unassigned,False
,D03,FAM,,Std-04,,14281.4760503439,,Standard,Unassigned,False
,D04,FAM,,Unkn-04,,12904.7740076706,,Unknown,Unassigned,False
,D05,FAM,,Unkn-04,,12566.3108199006,,Unknown,Unassigned,False
,D06,FAM,,Unkn-04,,11119.0155996058,,Unknown,Unassigned,False
,D07,FAM,,Unkn-12,,12309.8882000644,,Unknown,Unassigned,False
,D08,FAM,,Unkn-12,,12224.0862492984,,Unknown,Unassigned,False
,D09,FAM,,Unkn-12,,12117.4958086157,,Unknown,Unassigned,False
,D10,FAM,,Unkn-20,,13407.0560210446,,Unknown,Unassigned,False
,D11,FAM,,Unkn-20,,13864.4355970917,,Unknown,Unassigned,False
,D12,FAM,,Unkn-20,,11727.2618541512,,Unknown,Unassigned,False
,E01,FAM,,Std-05,,13806.1343270159,,Standard,Unassigned,False
,E02,FAM,,Std-05,,13872.7365121354,,Standard,Unassigned,False
,E03,FAM,,Std-05,,14565.2405535605,,Standard,Unassigned,False
,E04,FAM,,Unkn-05,,12352.9317600849,,Unknown,Unassigned,False
,E05,FAM,,Unkn-05,,11362.7423313297,,Unknown,Unassigned,False
,E06,FAM,,Unkn-05,,12515.8707475038,,Unknown,Unassigned,False
,E07,FAM,,Unkn-13,,12607.1859912533,,Unknown,Unassigned,False
,E08,FAM,,Unkn-13,,12711.3300707435,,Unknown,Unassigned,False
,E09,FAM,,Unkn-13,,13779.224138957,,Unknown,Unassigned,False
,E10,FAM,,Unkn-21,,-4.35519701428384,,Unknown,Unassigned,False
,E11,FAM,,Unkn-21,,-8.03056569359142,,Unknown,Unassigned,False
,E12,FAM,,Unkn-21,,-3.04231398068769,,Unknown,Unassigned,False
,F01,FAM,,Std-06,,13833.5949403688,,Standard,Unassigned,False
,F02,FAM,,Std-06,,13840.6856246026,,Standard,Unassigned,False
,F03,FAM,,Std-06,,14137.5096066606,,Standard,Unassigned,False
,F04,FAM,,Unkn-06,,13582.2260951119,,Unknown,Unassigned,False
,F05,FAM,,Unkn-06,,13260.9225369642,,Unknown,Unassigned,False
,F06,FAM,,Unkn-06,,13169.3663548454,,Unknown,Unassigned,False
,F07,FAM,,Unkn-14,,12906.9987447723,,Unknown,Unassigned,False
,F08,FAM,,Unkn-14,,13279.2859907444,,Unknown,Unassigned,False
,F09,FAM,,Unkn-14,,13347.7914135439,,Unknown,Unassigned,False
,F10,FAM,,Unkn-22,,-5.07190900128098,,Unknown,Unassigned,False
,F11,FAM,,Unkn-22,,-9.35432160061928,,Unknown,Unassigned,False
,F12,FAM,,Unkn-22,,-6.29462577332833,,Unknown,Unassigned,False
,G01,FAM,,Std-07,,13521.9149604661,,Standard,Unassigned,False
,G02,FAM,,Std-07,,11582.1759670023,,Standard,Unassigned,False
,G03,FAM,,Std-07,,13414.8515704723,,Standard,Unassigned,False
,G04,FAM,,Unkn-07,,12279.4197477417,,Unknown,Unassigned,False
,G05,FAM,,Unkn-07,,10709.0802615035,,Unknown,Unassigned,False
,G06,FAM,,Unkn-07,,11953.143930836,,Unknown,Unassigned,False
,G07,FAM,,Unkn-15,,11599.8760051126,,Unknown,Unassigned,False
,G08,FAM,,Unkn-15,,12266.6102022325,,Unknown,Unassigned,False
,G09,FAM,,Unkn-15,,11973.1810291472,,Unknown,Unassigned,False
,G10,FAM,,Unkn-23,,-3.84573817836099,,Unknown,Unassigned,False
,G11,FAM,,Unkn-23,,-6.33027293038822,,Unknown,Unassigned,False
,G12,FAM,,Unkn-23,,-4.73647192935414,,Unknown,Unassigned,False
,H01,FAM,,NTC-03,,12736.8211495081,,NTC,Unassigned,False
,H02,FAM,,NTC-03,,4119.04240174531,,NTC,Unassigned,False
,H03,FAM,,NTC-03,,11379.4856563375,,NTC,Unassigned,False
,H04,FAM,,Unkn-08,,12636.5342930593,,Unknown,Unassigned,False
,H05,FAM,,Unkn-08,,13196.2080077724,,Unknown,Unassigned,False
,H06,FAM,,Unkn-08,,10103.5850340716,,Unknown,Unassigned,False
,H07,FAM,,Unkn-16,,13394.5320136395,,Unknown,Unassigned,False
,H08,FAM,,Unkn-16,,13520.6907375806,,Unknown,Unassigned,False
,H09,FAM,,Unkn-16,,14366.2748046353,,Unknown,Unassigned,False
,H10,FAM,,Unkn-24,,-5.99503481937199,,Unknown,Unassigned,False
,H11,FAM,,Unkn-24,,-5.19686030019338,,Unknown,Unassigned,False
,H12,FAM,,Unkn-24,,-2.24366299755229,,Unknown,Unassigned,False
