,Well,Fluor,Target,Content,Sample,End RFU,Call,Sample Type,CallType,Is Control
,A01,HEX,,Std-01,,7581.01932026934,,Standard,Unassigned,False
,A02,HEX,,Std-01,,7617.87470982831,,Standard,Unassigned,False
,A03,HEX,,Std-01,,7961.1764670722,,Standard,Unassigned,False
,A04,HEX,,Unkn-01,,7930.13096546185,,Unknown,Unassigned,False
,A05,HEX,,Unkn-01,,7603.12519381369,,Unknown,Unassigned,False
,A06,HEX,,Unkn-01,,6573.38376898765,,Unknown,Unassigned,False
,A07,HEX,,Unkn-09,,7420.38132692286,,Unknown,Unassigned,False
,A08,HEX,,Unkn-09,,7632.51294305396,,Unknown,Unassigned,False
,A09,HEX,,Unkn-09,,8282.24009966883,,Unknown,Unassigned,False
,A10,HEX,,Unkn-17,,6895.96919435976,,Unknown,Unassigned,False
,A11,HEX,,Unkn-17,,6879.11016207064,,Unknown,Unassigned,False
,A12,HEX,,Unkn-17,,7488.61894738279,,Unknown,Unassigned,False
,B01,HEX,,Std-02,,7679.95698664181,,Standard,Unassigned,False
,B02,HEX,,Std-02,,7832.19031618967,,Standard,Unassigned,False
,B03,HEX,,Std-02,,7899.80027151778,,Standard,Unassigned,False
,B04,HEX,,Unkn-02,,7582.78266257274,,Unknown,Unassigned,False
,B05,HEX,,Unkn-02,,6922.32606343971,,Unknown,Unassigned,False
,B06,HEX,,Unkn-02,,7149.22771669207,,Unknown,Unassigned,False
,B07,HEX,,Unkn-10,,7048.29322477973,,Unknown,Unassigned,False
,B08,HEX,,Unkn-10,,7418.87209471087,,Unknown,Unassigned,False
,B09,HEX,,Unkn-10,,7347.73380261931,,Unknown,Unassigned,False
,B10,HEX,,Unkn-18,,7363.08594646638,,Unknown,Unassigned,False
,B11,HEX,,Unkn-18,,6747.34005814698,,Unknown,Unassigned,False
,B12,HEX,,Unkn-18,,7026.02336891489,,Unknown,Unassigned,False
,C01,HEX,,Std-03,,7661.00408399282,,Standard,Unassigned,False
,C02,HEX,,Std-03,,7639.96794981031,,Standard,Unassigned,False
,C03,HEX,,Std-03,,7894.34476449202,,Standard,Unassigned,False
,C04,HEX,,Unkn-03,,7840.42782315791,,Unknown,Unassigned,False
,C05,HEX,,Unkn-03,,7729.78162993691,,Unknown,Unassigned,False
,C06,HEX,,Unkn-03,,7836.59638791566,,Unknown,Unassigned,False
,C07,HEX,,Unkn-11,,4515.45112411821,,Unknown,Unassigned,False
,C08,HEX,,Unkn-11,,6545.62255852227,,Unknown,Unassigned,False
,C09,HEX,,Unkn-11,,6601.9191890922,,Unknown,Unassigned,False
,C10,HEX,,Unkn-19,,7547.58479576612,,Unknown,Unassigned,False
,C11,HEX,,Unkn-19,,7462.66296896427,,Unknown,Unassigned,False
,C12,HEX,,Unkn-19,,7400.59792757492,,Unknown,Unassigned,False
,D01,HEX,,Std-04,,7866.05800011666,,Standard,Unassigned,False
,D02,HEX,,Std-04,,7713.93515437915,,Standard,Unassigned,False
,D03,HEX,,Std-04,,8139.64465202848,,Standard,Unassigned,False
,D04,HEX,,Unkn-04,,6528.09779027267,,Unknown,Unassigned,False
,D05,HEX,,Unkn-04,,7172.01467753965,,Unknown,Unassigned,False
,D06,HEX,,Unkn-04,,7365.27790442274,,Unknown,Unassigned,False
,D07,HEX,,Unkn-12,,6407.32391197207,,Unknown,Unassigned,False
,D08,HEX,,Unkn-12,,7050.26398317619,,Unknown,Unassigned,False
,D09,HEX,,Unkn-12,,7065.57750105153,,Unknown,Unassigned,False
,D10,HEX,,Unkn-20,,7629.50694408964,,Unknown,Unassigned,False
,D11,HEX,,Unkn-20,,7636.32506568187,,Unknown,Unassigned,False
,D12,HEX,,Unkn-20,,6349.85811350751,,Unknown,Unassigned,False
,E01,HEX,,Std-05,,7021.12869505542,,Standard,Unassigned,False
,E02,HEX,,Std-05,,7531.73321002215,,Standard,Unassigned,False
,E03,HEX,,Std-05,,8057.92952526458,,Standard,Unassigned,False
,E04,HEX,,Unkn-05,,7509.88559823826,,Unknown,Unassigned,False
,E05,HEX,,Unkn-05,,7049.46000215187,,Unknown,Unassigned,False
,E06,HEX,,Unkn-05,,7357.50914461032,,Unknown,Unassigned,False
,E07,HEX,,Unkn-13,,7105.59145990335,,Unknown,Unassigned,False
,E08,HEX,,Unkn-13,,7379.58032439887,,Unknown,Unassigned,False
,E09,HEX,,Unkn-13,,7917.65294003642,,Unknown,Unassigned,False
,E10,HEX,,Unkn-21,,-3.99116678808132,,Unknown,Unassigned,False
,E11,HEX,,Unkn-21,,-1.5113006790717,,Unknown,Unassigned,False
,E12,HEX,,Unkn-21,,-2.11749025147255,,Unknown,Unassigned,False
,F01,HEX,,Std-06,,7514.43365739716,,Standard,Unassigned,False
,F02,HEX,,Std-06,,7267.01924263461,,Standard,Unassigned,False
,F03,HEX,,Std-06,,7464.45108135731,,Standard,Unassigned,False
,F04,HEX,,Unkn-06,,7354.92735304104,,Unknown,Unassigned,False
,F05,HEX,,Unkn-06,,6706.05530847516,,Unknown,Unassigned,False
,F06,HEX,,Unkn-06,,7030.53478773166,,Unknown,Unassigned,False
,F07,HEX,,Unkn-14,,6746.31870715105,,Unknown,Unassigned,False
,F08,HEX,,Unkn-14,,7232.40221847916,,Unknown,Unassigned,False
,F09,HEX,,Unkn-14,,7092.70185433464,,Unknown,Unassigned,False
,F10,HEX,,Unkn-22,,-2.76995869564271,,Unknown,Unassigned,False
,F11,HEX,,Unkn-22,,-1.75413641607774,,Unknown,Unassigned,False
,F12,HEX,,Unkn-22,,-3.2213923170505,,Unknown,Unassigned,False
,G01,HEX,,Std-07,,6172.72663424586,,Standard,Unassigned,False
,G02,HEX,,Std-07,,5791.65411899405,,Standard,Unassigned,False
,G03,HEX,,Std-07,,6817.20130726615,,Standard,Unassigned,False
,G04,HEX,,Unkn-07,,7061.93164702576,,Unknown,Unassigned,False
,G05,HEX,,Unkn-07,,6255.21235999919,,Unknown,Unassigned,False
,G06,HEX,,Unkn-07,,6549.55681525859,,Unknown,Unassigned,False
,G07,HEX,,Unkn-15,,6928.53969264649,,Unknown,Unassigned,False
,G08,HEX,,Unkn-15,,7059.62314462718,,Unknown,Unassigned,False
,G09,HEX,,Unkn-15,,7181.62946740755,,Unknown,Unassigned,False
,G10,HEX,,Unkn-23,,-2.68522117051725,,Unknown,Unassigned,False
,G11,HEX,,Unkn-23,,-2.33027539348614,,Unknown,Unassigned,False
,G12,HEX,,Unkn-23,,-3.20018261915202,,Unknown,Unassigned,False
,H01,HEX,,NTC-03,,6790.03516481023,,NTC,Unassigned,False
,H02,HEX,,NTC-03,,2022.54578361177,,NTC,Unassigned,False
,H03,HEX,,NTC-03,,6700.5477152418,,NTC,Unassigned,False
,H04,HEX,,Unkn-08,,7105.27269934255,,Unknown,Unassigned,False
,H05,HEX,,Unkn-08,,6881.61280864785,,Unknown,Unassigned,False
,H06,HEX,,Unkn-08,,5631.86339894719,,Unknown,Unassigned,False
,H07,HEX,,Unkn-16,,7364.60242991929,,Unknown,Unassigned,False
,H08,HEX,,Unkn-16,,7624.88005957346,,Unknown,Unassigned,False
,H09,HEX,,Unkn-16,,8099.09156891606,,Unknown,Unassigned,False
,H10,HEX,,Unkn-24,,-3.39863147262267,,Unknown,Unassigned,False
,H11,HEX,,Unkn-24,,-0.886165160641122,,Unknown,Unassigned,False
,H12,HEX,,Unkn-24,,-2.27347145296671,,Unknown,Unassigned,False
